-- Create Database
CREATE DATABASE final_project_ecommerce;
USE final_project_ecommerce;

-- 1. Regions (no dependencies)
CREATE TABLE Regions (
    RegionID INT PRIMARY KEY,
    RegionName VARCHAR(100),
    Country VARCHAR(100)
);

-- 2. Customers (references Regions)
CREATE TABLE Customers (
    CustomerID INT PRIMARY KEY,
    CustomerName VARCHAR(100),
    Email VARCHAR(100),
    Phone VARCHAR(30),
    RegionID INT,
    CreatedAt DATE,
    FOREIGN KEY (RegionID) REFERENCES Regions(RegionID)
);

-- 3. Products (no dependencies)
CREATE TABLE Products (
    ProductID INT PRIMARY KEY,
    ProductName VARCHAR(100),
    Category VARCHAR(100),
    Price DECIMAL(10, 2)
);

-- 4. Orders (references Customers)
CREATE TABLE Orders (
    OrderID INT PRIMARY KEY,
    CustomerID INT,
    OrderDate DATE,
    IsReturned BOOLEAN,
    FOREIGN KEY (CustomerID) REFERENCES Customers(CustomerID)
);

-- 5. OrderDetails (references Orders and Products)
CREATE TABLE OrderDetails (
    OrderDetailID INT PRIMARY KEY,
    OrderID INT,
    ProductID INT,
    Quantity INT,
    FOREIGN KEY (OrderID) REFERENCES Orders(OrderID),
    FOREIGN KEY (ProductID) REFERENCES Products(ProductID)
);

INSERT INTO Regions (RegionID, RegionName, Country) VALUES
(1, 'North America', 'USA'),
(2, 'South America', 'Brazil'),
(3, 'Europe West', 'UK'),
(4, 'Europe Central', 'Germany'),
(5, 'Asia East', 'Japan'),
(6, 'Asia South', 'India'),
(7, 'Oceania', 'Australia'),
(8, 'Africa North', 'Egypt'),
(9, 'Africa South', 'South Africa'),
(10, 'Middle East', 'UAE');

INSERT INTO Customers (CustomerID, CustomerName, Email, Phone, RegionID, CreatedAt) VALUES
(1, 'Joshua Rush', 'kfischer@dean.com', '001-481-835-7550x66140', 3, '2022-08-12'),
(2, 'Sandra Taylor', 'vicki15@richard-thomas.org', '839.054.1688', 6, '2023-06-23'),
(3, 'Pamela Lucero', 'dale39@johnson-paul.com', '+1-090-402-2085x490', 1, '2023-04-02'),
(4, 'William Smith', 'christina02@yahoo.com', '777-032-5798x290', 10, '2024-03-29'),
(5, 'Thomas Lewis', 'hallnicole@singh.org', '001-645-951-3629x801', 3, '2023-03-12'),
(6, 'Amy Wright', 'ecampbell@ball-parsons.org', '001-089-333-1924x242', 8, '2025-01-12'),
(7, 'Kevin Diaz', 'greenkathy@hotmail.com', '(129)030-6632x03831', 2, '2022-08-28'),
(8, 'Claudia Williams', 'davidfry@yahoo.com', '001-529-899-7400x78620', 5, '2023-10-20'),
(9, 'Richard Alexander', 'charles34@harris.biz', '+1-541-492-0975x85836', 9, '2024-11-17'),
(10, 'Christopher Burgess', 'hwallace@hotmail.com', '+1-108-865-0592x73087', 9, '2024-09-16'),
(11, 'Jenna Allen', 'nwilcox@yahoo.com', '(965)565-5850', 3, '2022-12-09'),
(12, 'Cynthia Donaldson', 'tamarajones@yahoo.com', '649.576.2671', 7, '2025-03-05'),
(13, 'Paul Jackson', 'lloydhannah@gallagher.com', '150-848-1809', 5, '2023-09-14'),
(14, 'Kelly Mcneil', 'peter14@simpson-fowler.com', '687.481.1255x32938', 5, '2023-01-25'),
(15, 'Matthew Acevedo', 'tking@harper.com', '+1-173-334-2639x1435', 2, '2022-11-19'),
(16, 'Carol Burton', 'guzmanlisa@jones-molina.net', '(179)771-9164', 5, '2025-01-17'),
(17, 'Mary Henderson', 'webbmelissa@kelley.com', '(169)119-6295x168', 7, '2024-11-08'),
(18, 'Tamara Rojas', 'sjimenez@cole-hudson.com', '488.070.7332', 4, '2022-08-15'),
(19, 'Lisa Ball', 'nortonamanda@yahoo.com', '(063)267-4800x27908', 1, '2024-12-03'),
(20, 'Roy Hopkins', 'collinsphillip@ramirez.com', '821-244-4475x5013', 7, '2024-02-26'),
(21, 'Savannah Ramsey', 'vramos@singh.org', '+1-796-280-5448', 6, '2024-03-29'),
(22, 'Michelle Pope', 'elizabeth71@webster.net', '(411)541-4362x576', 7, '2024-10-24'),
(23, 'Mary Herrera', 'jason78@mccormick-williams.com', '(718)903-3774', 4, '2023-03-21'),
(24, 'Christopher Gomez', 'pollardsara@yahoo.com', '001-102-495-3442', 7, '2023-09-23'),
(25, 'Michele Brandt', 'edwardsbrenda@martin-johnson.com', '172.508.6727x2284', 2, '2023-07-22'),
(26, 'Tara Simpson', 'elizabeth54@long-callahan.com', '+1-429-591-1717x3782', 10, '2023-08-31'),
(27, 'Wendy Bryant', 'sheila09@butler.net', '001-507-328-4275x852', 7, '2022-11-09'),
(28, 'Michael Johnston', 'michaellewis@peterson.com', '+1-827-582-9514', 1, '2024-03-16'),
(29, 'Jennifer Love', 'karen53@hotmail.com', '334-775-7560', 1, '2024-09-12'),
(30, 'Charles Hudson', 'qsimmons@gmail.com', '001-673-660-3485', 7, '2024-04-16'),
(31, 'Stephanie Smith', 'rhernandez@fisher.com', '649-635-9041', 9, '2024-02-02'),
(32, 'James Gonzalez', 'ellenrocha@yahoo.com', '+1-252-343-4003x3389', 9, '2023-05-06'),
(33, 'April Greene', 'dhernandez@stevens.org', '910-702-3101', 8, '2024-12-29'),
(34, 'Ashley Bates', 'underwoodshawn@yahoo.com', '(003)600-4885x95695', 5, '2022-08-09'),
(35, 'Vincent Thomas', 'stevensjessica@miller.com', '571.188.9611x74369', 3, '2025-03-29'),
(36, 'Eric Campbell', 'vanessa37@yahoo.com', '(053)191-6928', 3, '2023-07-05'),
(37, 'Ashley Stone', 'harriskristen@gilmore.net', '(633)160-7426x879', 5, '2023-11-16'),
(38, 'Justin Elliott', 'shaunbrooks@richard.com', '(058)971-0099', 5, '2023-06-01'),
(39, 'Matthew Velasquez', 'jdean@blankenship-lewis.org', '0755948204', 10, '2024-03-08'),
(40, 'James Wagner', 'angela36@hotmail.com', '631.340.6893', 10, '2023-12-21'),
(41, 'Randy Terry', 'jacobmitchell@gmail.com', '253-871-8209x903', 9, '2023-04-19'),
(42, 'Angela Mendoza', 'melissa63@lee.com', '+1-098-054-7241x821', 5, '2024-09-05'),
(43, 'Cole Day', 'okelly@grant-norris.com', '635.445.5685', 2, '2023-09-18'),
(44, 'Ann Cochran', 'jamie29@contreras.com', '+1-108-676-3071x3155', 2, '2022-07-02'),
(45, 'Rachel Holt', 'sbaker@gmail.com', '+1-856-189-8199', 3, '2024-09-27'),
(46, 'Sean Gallagher', 'amitchell@davis.com', '001-279-020-4493x62200', 2, '2022-06-09'),
(47, 'Michael Suarez', 'skrause@crane-hogan.net', '609.376.3312', 7, '2023-11-05'),
(48, 'Robert Edwards', 'deanna34@yahoo.com', '001-816-217-8024x343', 9, '2022-10-13'),
(49, 'Christian Edwards', 'joshua33@rojas.com', '(404)666-8321x3041', 2, '2022-06-10'),
(50, 'William Ferguson DDS', 'james44@bright.com', '028.565.2535', 9, '2024-08-17'),
(51, 'Robert Bond', 'vthompson@cherry-moses.com', '903.379.2027x54909', 7, '2023-09-03'),
(52, 'Pamela Miranda MD', 'amber88@pierce-fisher.info', '(461)444-3813', 8, '2024-01-01'),
(53, 'Patrick Lang', 'kimberly18@lowe.com', '+1-956-303-0252x87316', 5, '2024-10-28'),
(54, 'Susan Williams', 'lmarshall@mills.com', '5703479531', 7, '2023-06-25'),
(55, 'Jennifer Johnson', 'dawnross@hotmail.com', '(139)414-7249', 8, '2024-02-13'),
(56, 'Austin Gordon', 'hernandezjenna@gmail.com', '1882165033', 2, '2024-09-05'),
(57, 'Tyler Gibson', 'savannahcampbell@lindsey-johnson.biz', '+1-203-825-5933', 7, '2024-12-22'),
(58, 'Kristen Cannon', 'david68@hotmail.com', '001-927-847-1568x751', 3, '2025-01-17'),
(59, 'Marilyn Taylor', 'estradamatthew@zimmerman-ward.com', '+1-670-147-9012', 3, '2024-12-05'),
(60, 'Pamela Jones', 'anthony45@harris.com', '(381)621-8868', 4, '2023-03-31'),
(61, 'John Barton', 'danielmeagan@whitehead.com', '776-988-6269x834', 3, '2024-12-28'),
(62, 'Samuel Chen', 'eric73@pratt-combs.info', '464.330.0903x08473', 5, '2024-07-04'),
(63, 'Wendy Hunt', 'scottdavid@yahoo.com', '705.051.2517', 8, '2025-04-08'),
(64, 'Matthew Williams', 'crystal53@yahoo.com', '9628968909', 1, '2023-01-24'),
(65, 'Tracie Waters', 'juliedouglas@nelson.com', '(047)732-6267x10236', 9, '2022-06-18'),
(66, 'James Case', 'yulaura@graham.biz', '(779)220-5194', 4, '2024-12-01'),
(67, 'Matthew Sanders', 'andrew58@martin-carr.com', '071.638.7962x8260', 8, '2023-10-16'),
(68, 'Alexis Cohen', 'mwilliams@gmail.com', '(192)439-3374x8147', 5, '2023-01-15'),
(69, 'Cynthia Rogers', 'jamesmurphy@rose.com', '109.165.4260', 3, '2022-07-14'),
(70, 'Dawn Fowler', 'joseph14@yahoo.com', '8673480418', 7, '2023-09-16'),
(71, 'Jacob Wells', 'zwalker@mullins-martin.info', '001-893-443-5543x66134', 4, '2022-11-18'),
(72, 'Michael Phillips', 'steveramirez@walker-bond.biz', '679-151-3788', 7, '2023-12-04'),
(73, 'Ricky Cooper', 'danderson@bell.com', '730-688-6249x11431', 9, '2024-03-27'),
(74, 'Larry Alexander', 'holdenshannon@hess.info', '554-281-8592', 1, '2024-04-01'),
(75, 'Rhonda Sanchez PhD', 'dianecole@blanchard-rios.com', '+1-459-663-2348x3983', 2, '2024-06-06'),
(76, 'Joseph Hardy', 'patriciawilliams@yahoo.com', '(050)182-5743', 6, '2023-11-17'),
(77, 'Michael Lee', 'devinfry@yahoo.com', '194.330.4718', 1, '2022-10-30'),
(78, 'Anthony Fleming DDS', 'qalvarado@booth.org', '(085)955-8202x984', 10, '2023-10-11'),
(79, 'Derrick Carter', 'mckeemichael@garrison.com', '454.109.6674x602', 10, '2022-04-17'),
(80, 'Michael Williamson', 'patricia40@yahoo.com', '001-827-797-4017x38495', 7, '2022-12-05'),
(81, 'Paul Combs', 'vnorris@hotmail.com', '(031)163-6152x498', 2, '2024-05-25'),
(82, 'Nicholas Young', 'amandasullivan@hayes-lewis.com', '656-039-6827x29783', 3, '2022-06-03'),
(83, 'Megan Marshall', 'foleymatthew@yahoo.com', '305-220-6051', 3, '2024-04-08'),
(84, 'James Hall', 'watsonashley@sullivan.com', '+1-385-061-3975x80785', 9, '2022-10-21'),
(85, 'Michael Hughes', 'pamelabarrett@hill-walker.com', '191-671-5129x3924', 3, '2023-01-02'),
(86, 'Erica Lopez', 'gallegosteresa@allen.com', '021.937.4888', 10, '2024-10-03'),
(87, 'Steve Cooke', 'brownbrian@yang-hart.biz', '001-697-004-2508x3092', 2, '2023-09-21'),
(88, 'Angela Jensen', 'goconnor@hotmail.com', '(653)975-3799', 8, '2024-12-01'),
(89, 'Mark Burns', 'melendezsamuel@gmail.com', '289.203.0288x2719', 1, '2025-03-10'),
(90, 'Kristen Rose', 'molinajoe@yahoo.com', '357.607.2170', 1, '2022-07-12'),
(91, 'Mary Gilmore', 'cynthia57@butler-nolan.info', '+1-868-392-3904x40742', 8, '2023-03-12'),
(92, 'Phillip Davis', 'jacquelinebryant@gmail.com', '843-807-1817x185', 8, '2024-01-26'),
(93, 'Monica Williams', 'hurleyroger@rodriguez.info', '903.005.6453x786', 5, '2023-11-16'),
(94, 'Chelsea Vargas', 'robertsevelyn@yahoo.com', '139-294-1460x810', 3, '2024-05-29'),
(95, 'Virginia Best', 'mary05@holder-pineda.com', '010-990-4333x946', 7, '2025-02-01'),
(96, 'Michael Castro', 'umiller@hotmail.com', '2998671841', 4, '2022-09-27'),
(97, 'James Wolfe', 'justinsimpson@harris.com', '4411268631', 6, '2025-03-13'),
(98, 'Michael Wang', 'kristenclarke@edwards.info', '403.218.3187x17279', 2, '2024-05-07'),
(99, 'Lindsay Taylor', 'vturner@white.com', '001-803-832-9543x19194', 10, '2023-08-04'),
(100, 'Christopher Miller', 'hermancameron@murillo-jensen.com', '961.892.0784x87019', 3, '2022-08-13'),
(101, 'Kevin Sanford', 'xchandler@cardenas.com', '931.628.0171x833', 6, '2023-05-16'),
(102, 'Nathan Roy', 'amandamoore@gmail.com', '+1-318-065-9222x7445', 1, '2022-07-31'),
(103, 'Cassie Velazquez', 'xsharp@yahoo.com', '096-961-5396x8802', 9, '2023-01-05'),
(104, 'Alan Young', 'fjohnson@morgan.com', '001-656-997-8186x7257', 8, '2023-10-18'),
(105, 'Dr. Anthony Jones PhD', 'nguyenchristian@cox.info', '+1-806-779-5367', 7, '2022-05-21'),
(106, 'Paula Robinson', 'qkelly@hotmail.com', '274-169-6079', 6, '2024-08-25'),
(107, 'Ryan Fisher', 'sara13@green.com', '001-467-335-3156x173', 1, '2023-12-23'),
(108, 'Terry Parsons', 'gloria64@johnson-adams.biz', '386-525-3325', 5, '2023-11-14'),
(109, 'Mrs. Cheyenne Wade MD', 'alicia30@merritt.net', '+1-651-465-7008', 9, '2022-09-17'),
(110, 'Katherine Fox', 'katherineflores@mason.com', '799.235.6509', 7, '2024-03-26'),
(111, 'Sara English', 'sdavenport@lopez-garza.org', '(606)840-3171', 3, '2024-12-20'),
(112, 'Lacey Ross', 'amack@walsh-wright.biz', '+1-852-963-9250', 7, '2022-09-18'),
(113, 'Matthew Smith', 'martinryan@nguyen.com', '(451)587-4882x628', 1, '2023-11-19'),
(114, 'Mary Jensen', 'alvaradoamanda@king-reynolds.com', '122.663.4776x67509', 7, '2024-10-22'),
(115, 'Jack Spencer', 'courtneyjames@schwartz-jackson.com', '(579)987-7454x48835', 6, '2024-08-05'),
(116, 'James Greer', 'wustephen@hotmail.com', '+1-510-350-3245', 10, '2023-02-15'),
(117, 'Amber Brown', 'johnsonluis@sanchez.com', '(984)105-5812', 3, '2023-11-17'),
(118, 'Debbie Copeland', 'bowenjoshua@rogers.com', '076.197.8028x59087', 7, '2024-03-17'),
(119, 'Melissa Gonzalez', 'scottaaron@hotmail.com', '(561)557-7237', 4, '2025-03-20'),
(120, 'John Fisher', 'matthewchen@hotmail.com', '(767)465-8539x715', 5, '2024-07-21'),
(121, 'Jesse White', 'jose03@hotmail.com', '875.376.8744', 1, '2023-12-15'),
(122, 'Leon Banks', 'nclark@flores-burns.com', '001-998-865-8434', 8, '2024-10-25'),
(123, 'Lori Bray', 'umartinez@yahoo.com', '082.978.9203', 5, '2024-07-16'),
(124, 'Matthew Young', 'dustinscott@smith.com', '167.873.4178x70472', 9, '2023-12-05'),
(125, 'Amber Potter', 'donna49@yahoo.com', '+1-051-457-2396', 5, '2022-05-28'),
(126, 'Sarah Shepherd', 'brittanyvalencia@casey-lewis.com', '+1-412-792-3477x343', 1, '2025-02-17'),
(127, 'Robert Snyder', 'ashleysimpson@willis.com', '(825)358-0838x7904', 10, '2024-06-13'),
(128, 'Joseph Daniel', 'nellis@gmail.com', '001-201-803-1558', 8, '2022-12-17'),
(129, 'Sean Hall', 'leah48@whitaker-carter.com', '821.421.6491x8901', 7, '2023-10-24'),
(130, 'Andrew Quinn', 'danielhiggins@koch.info', '543-898-1096x279', 9, '2024-06-22'),
(131, 'Nancy Shepherd', 'uwilliams@gmail.com', '129.235.0651x325', 4, '2024-09-01'),
(132, 'Abigail Figueroa', 'cmaldonado@hotmail.com', '041.546.6185x714', 6, '2023-09-02'),
(133, 'Justin Sanchez', 'eric14@rogers.com', '361.958.8024', 8, '2023-04-01'),
(134, 'Chad Banks', 'brandonrivera@yahoo.com', '001-734-455-9034x50241', 8, '2022-04-22'),
(135, 'Michelle Cortez', 'figueroadaniel@hotmail.com', '358-600-6698', 10, '2024-07-26'),
(136, 'Katherine Coleman', 'yfranklin@yahoo.com', '370-779-0412x963', 4, '2024-03-20'),
(137, 'Albert Johnson', 'ialexander@yahoo.com', '+1-796-576-4638', 10, '2025-01-01'),
(138, 'Maureen Sanchez', 'morrisonchristine@miller.com', '0446622815', 1, '2023-01-05'),
(139, 'Jessica Smith', 'michael61@hotmail.com', '2578371737', 7, '2023-01-16'),
(140, 'Kevin Scott', 'toliver@hotmail.com', '160-391-8617', 9, '2024-09-22'),
(141, 'Anthony Harper', 'smithjulia@boyer-henderson.com', '001-311-363-2194x714', 5, '2023-07-31'),
(142, 'David Watson', 'beckerkari@smith.biz', '001-127-568-5872x968', 6, '2022-08-24'),
(143, 'Chad Ramirez', 'joshuaruiz@yahoo.com', '318-527-0000x9059', 6, '2024-10-05'),
(144, 'Kevin Norris', 'kaitlyncole@holt-thornton.biz', '+1-020-204-7729', 1, '2024-10-29'),
(145, 'Jordan Jones', 'brandon02@gmail.com', '(695)780-5422', 8, '2023-07-17'),
(146, 'Angela Mcdonald', 'jeremy31@owen-lopez.info', '(700)606-4962x85737', 2, '2023-04-04'),
(147, 'David Hensley', 'dillonbrett@wilson-reese.com', '491.536.4648', 10, '2023-09-30'),
(148, 'Rebecca Mccarty', 'brownkathryn@gmail.com', '814.593.5945', 5, '2025-01-28'),
(149, 'Donna Chandler', 'andrewanderson@smith.com', '(477)890-8287x73797', 8, '2025-02-15'),
(150, 'Anthony Coleman', 'klee@ritter.org', '711.120.5866', 8, '2025-01-06'),
(151, 'Elizabeth Anderson', 'adam83@gmail.com', '(530)932-9924x0189', 2, '2022-11-15'),
(152, 'John Carter', 'duanedominguez@macias.com', '318-722-7685x7222', 4, '2022-10-19'),
(153, 'Felicia Walker', 'yreid@white-harris.com', '001-487-375-3516', 5, '2022-06-01'),
(154, 'Rebecca Sutton', 'jesusanderson@yahoo.com', '178.545.6288x6528', 3, '2022-04-16'),
(155, 'David Walker', 'john49@gmail.com', '592-432-2759', 5, '2023-04-19'),
(156, 'Emily Crane', 'jackson21@gmail.com', '2382616171', 4, '2023-05-16'),
(157, 'Christopher Hebert DVM', 'michellerogers@harris.com', '(352)373-9255x103', 10, '2025-01-14'),
(158, 'Amanda Anderson', 'mhodge@gmail.com', '339-127-5265x750', 10, '2024-02-01'),
(159, 'Margaret Horton', 'savannahhiggins@wilson.info', '386.644.5451', 9, '2024-05-06'),
(160, 'Michael Padilla', 'ashley14@flores.com', '001-834-629-4816', 8, '2025-01-01'),
(161, 'Erin Douglas', 'kjones@casey.net', '747.484.6170x4865', 5, '2022-11-06'),
(162, 'Diana Escobar', 'christopher26@roberts-keith.biz', '+1-581-016-6585x719', 5, '2022-06-29'),
(163, 'Ernest Jensen', 'ryan81@burch.com', '+1-110-824-0975x2601', 1, '2023-01-24'),
(164, 'David Blankenship', 'gregorynathan@yahoo.com', '+1-509-256-5045x09159', 8, '2023-02-11'),
(165, 'Jimmy Weber', 'ryan16@thomas.biz', '994.252.0437x592', 3, '2025-03-09'),
(166, 'Brent Robinson', 'wwheeler@harris.com', '(657)558-8202x578', 5, '2024-06-04'),
(167, 'Paige Evans', 'shawmorgan@sanders.net', '001-460-348-2945x206', 1, '2022-06-30'),
(168, 'Brian Smith', 'ashley13@davis.net', '(071)187-6604', 8, '2022-09-02'),
(169, 'Robert Lopez', 'rhudson@moss.info', '001-673-205-6851x398', 2, '2023-07-13'),
(170, 'David Garcia II', 'tylertina@buckley-riggs.info', '(296)906-6441', 9, '2022-09-19'),
(171, 'Mitchell Anderson', 'virginiaburke@crawford.com', '261-798-9351', 9, '2023-09-15'),
(172, 'William Thompson', 'haley00@baxter-ramirez.info', '408.068.1951', 7, '2024-09-13'),
(173, 'Debra Evans', 'bethanyrobinson@hotmail.com', '380-900-4674', 9, '2024-09-23'),
(174, 'Debra Brooks', 'moonmichael@hotmail.com', '7674646317', 9, '2024-03-28'),
(175, 'David Klein', 'nunezgrace@preston-montoya.com', '+1-325-065-4311x506', 4, '2023-12-21'),
(176, 'Lisa Sheppard', 'matthew14@gmail.com', '(606)103-0991x5048', 5, '2023-12-25'),
(177, 'Scott Walker', 'troygonzalez@gmail.com', '001-842-673-8985x91286', 4, '2024-05-17'),
(178, 'Melanie Davis', 'kingbarry@ford-jefferson.com', '001-592-332-8330x4560', 5, '2024-06-17'),
(179, 'Christopher Garcia', 'emilygarcia@davis.info', '567-510-2769x384', 3, '2023-10-09'),
(180, 'David Hinton', 'sbryan@rose.com', '001-949-245-2497x4249', 1, '2022-07-18'),
(181, 'Richard Thomas', 'davisraymond@summers.com', '+1-029-654-6588x69946', 10, '2024-03-11'),
(182, 'Richard Robles', 'nicolechambers@warren.com', '(742)614-8453x32879', 5, '2022-07-22'),
(183, 'Kathleen Ray', 'sanchezgregory@gmail.com', '764-281-3704', 9, '2024-09-19'),
(184, 'Susan Phelps', 'christine71@luna-campbell.biz', '(610)991-9428x26256', 7, '2024-04-05'),
(185, 'Cameron Fields', 'dylan67@lynch.com', '2195312850', 4, '2022-08-18'),
(186, 'Anthony Nielsen', 'morenomelinda@yahoo.com', '+1-208-450-0135x587', 7, '2024-11-25'),
(187, 'Jordan Brown', 'mckayjake@hess.com', '+1-864-422-9426x44475', 3, '2024-01-18'),
(188, 'Nathan Hess', 'gabriellechen@haynes.biz', '001-534-328-9672', 1, '2022-05-22'),
(189, 'Jeremy Booth', 'kaylajones@gmail.com', '+1-015-618-4184', 7, '2023-05-07'),
(190, 'Brenda Poole', 'stewarttara@daniels.com', '854-422-2637', 7, '2023-03-13'),
(191, 'Tyler Davis', 'scotthayes@oliver.com', '(254)186-0648', 7, '2023-02-15'),
(192, 'Joseph Barber', 'harmonsamantha@diaz.org', '7115804180', 5, '2024-07-24'),
(193, 'Dr. Eric Adams', 'qlane@hotmail.com', '938-856-4885', 8, '2024-03-07'),
(194, 'Christopher Patterson', 'ismith@yahoo.com', '109.230.1829', 10, '2023-08-01'),
(195, 'Mark Warner', 'lrobinson@gmail.com', '331-518-7348x6766', 6, '2023-09-03'),
(196, 'Kimberly Ryan', 'brittany06@yahoo.com', '368.801.2780', 3, '2022-12-08'),
(197, 'Charlene Barnett', 'fyoung@kelly.biz', '+1-182-360-2946', 5, '2023-05-04'),
(198, 'Maria Barron', 'francisrobert@hotmail.com', '6363236817', 10, '2023-06-12'),
(199, 'Melissa Barton', 'vfoster@gmail.com', '3953627495', 3, '2022-07-15'),
(200, 'Michael Bowen', 'ronnievincent@yahoo.com', '001-742-011-3919x79128', 4, '2024-11-26');

INSERT INTO Orders (OrderID, CustomerID, OrderDate, IsReturned) VALUES
(1, 83, '2023-06-04', FALSE),
(2, 88, '2023-05-25', FALSE),
(3, 79, '2024-08-07', TRUE),
(4, 156, '2024-12-05', FALSE),
(5, 11, '2023-12-04', FALSE),
(6, 43, '2023-05-30', TRUE),
(7, 117, '2023-12-14', TRUE),
(8, 135, '2023-05-11', FALSE),
(9, 176, '2025-03-26', TRUE),
(10, 149, '2024-02-29', FALSE),
(11, 179, '2025-03-21', TRUE),
(12, 157, '2023-06-07', FALSE),
(13, 13, '2024-03-05', TRUE),
(14, 148, '2023-08-14', FALSE),
(15, 21, '2024-07-17', FALSE),
(16, 152, '2024-09-17', TRUE),
(17, 179, '2023-07-22', FALSE),
(18, 39, '2025-03-22', FALSE),
(19, 136, '2023-12-05', FALSE),
(20, 148, '2024-05-04', FALSE),
(21, 176, '2024-08-25', FALSE),
(22, 97, '2023-12-26', FALSE),
(23, 196, '2024-07-09', FALSE),
(24, 42, '2023-10-02', FALSE),
(25, 5, '2023-05-21', TRUE),
(26, 25, '2025-01-06', FALSE),
(27, 7, '2024-10-15', FALSE),
(28, 200, '2023-12-31', FALSE),
(29, 15, '2024-08-23', TRUE),
(30, 53, '2023-10-25', TRUE),
(31, 110, '2023-06-03', FALSE),
(32, 189, '2023-08-05', FALSE),
(33, 200, '2023-07-23', TRUE),
(34, 77, '2025-02-05', FALSE),
(35, 73, '2025-03-28', FALSE),
(36, 87, '2024-11-05', FALSE),
(37, 174, '2025-01-02', FALSE),
(38, 8, '2024-09-16', FALSE),
(39, 198, '2024-02-03', FALSE),
(40, 74, '2024-10-30', FALSE),
(41, 13, '2024-08-29', FALSE),
(42, 37, '2024-10-28', FALSE),
(43, 134, '2023-08-01', FALSE),
(44, 51, '2024-08-12', TRUE),
(45, 60, '2024-01-08', FALSE),
(46, 137, '2023-12-07', FALSE),
(47, 2, '2023-07-21', TRUE),
(48, 174, '2024-07-19', FALSE),
(49, 120, '2024-06-09', FALSE),
(50, 185, '2024-10-09', FALSE),
(51, 135, '2023-06-28', TRUE),
(52, 112, '2024-02-19', FALSE),
(53, 136, '2024-10-06', FALSE),
(54, 195, '2025-03-31', FALSE),
(55, 10, '2024-06-11', FALSE),
(56, 145, '2023-12-08', FALSE),
(57, 27, '2024-08-18', FALSE),
(58, 186, '2023-08-19', FALSE),
(59, 59, '2023-12-15', TRUE),
(60, 75, '2024-08-01', FALSE),
(61, 96, '2025-03-07', TRUE),
(62, 162, '2023-10-27', FALSE),
(63, 190, '2024-06-28', FALSE),
(64, 37, '2023-10-21', FALSE),
(65, 2, '2023-12-27', TRUE),
(66, 14, '2023-08-23', TRUE),
(67, 170, '2024-04-08', TRUE),
(68, 55, '2023-10-12', FALSE),
(69, 50, '2024-11-23', FALSE),
(70, 142, '2024-09-29', TRUE),
(71, 15, '2024-09-15', TRUE),
(72, 56, '2024-10-25', FALSE),
(73, 126, '2023-04-24', FALSE),
(74, 192, '2024-06-25', FALSE),
(75, 114, '2024-05-28', FALSE),
(76, 195, '2025-01-28', FALSE),
(77, 48, '2023-06-27', FALSE),
(78, 54, '2024-10-09', FALSE),
(79, 126, '2023-05-11', TRUE),
(80, 52, '2024-01-09', FALSE),
(81, 147, '2024-06-07', FALSE),
(82, 178, '2024-10-13', FALSE),
(83, 173, '2024-05-09', TRUE),
(84, 133, '2024-10-03', FALSE),
(85, 42, '2024-12-02', FALSE),
(86, 163, '2023-04-25', TRUE),
(87, 158, '2023-05-15', TRUE),
(88, 153, '2024-07-17', FALSE),
(89, 159, '2024-11-30', FALSE),
(90, 187, '2024-04-02', FALSE),
(91, 143, '2024-09-21', FALSE),
(92, 136, '2023-09-21', FALSE),
(93, 131, '2024-03-15', TRUE),
(94, 187, '2024-08-20', FALSE),
(95, 61, '2023-09-26', FALSE),
(96, 14, '2025-03-26', TRUE),
(97, 46, '2024-10-29', TRUE),
(98, 118, '2025-01-03', FALSE),
(99, 114, '2023-05-02', FALSE),
(100, 104, '2023-12-13', FALSE),
(101, 198, '2024-12-16', FALSE),
(102, 136, '2023-08-17', FALSE),
(103, 63, '2023-06-15', FALSE),
(104, 146, '2024-05-09', FALSE),
(105, 185, '2023-11-13', TRUE),
(106, 154, '2024-04-18', TRUE),
(107, 77, '2024-06-01', TRUE),
(108, 70, '2024-04-28', FALSE),
(109, 62, '2024-07-14', FALSE),
(110, 184, '2024-02-19', FALSE),
(111, 118, '2023-09-27', TRUE),
(112, 169, '2023-04-26', FALSE),
(113, 111, '2025-03-29', FALSE),
(114, 145, '2025-04-13', FALSE),
(115, 178, '2024-01-16', FALSE),
(116, 60, '2023-12-20', FALSE),
(117, 37, '2025-02-16', FALSE),
(118, 136, '2023-04-16', FALSE),
(119, 184, '2023-06-19', FALSE),
(120, 131, '2024-04-08', TRUE),
(121, 96, '2024-02-03', FALSE),
(122, 58, '2024-04-02', FALSE),
(123, 130, '2023-06-08', FALSE),
(124, 28, '2024-01-08', FALSE),
(125, 33, '2023-09-08', TRUE),
(126, 168, '2024-11-15', FALSE),
(127, 44, '2023-11-23', FALSE),
(128, 44, '2023-10-31', FALSE),
(129, 125, '2025-01-24', FALSE),
(130, 16, '2023-05-18', FALSE),
(131, 101, '2024-01-04', FALSE),
(132, 106, '2024-10-27', FALSE),
(133, 161, '2024-12-17', FALSE),
(134, 89, '2024-08-16', TRUE),
(135, 144, '2024-02-18', FALSE),
(136, 71, '2024-08-29', TRUE),
(137, 117, '2023-08-23', FALSE),
(138, 76, '2024-08-14', FALSE),
(139, 8, '2023-08-24', FALSE),
(140, 177, '2023-05-23', FALSE),
(141, 25, '2023-05-25', TRUE),
(142, 174, '2024-01-08', FALSE),
(143, 180, '2023-05-21', FALSE),
(144, 27, '2025-02-27', TRUE),
(145, 40, '2023-09-02', FALSE),
(146, 107, '2024-01-02', FALSE),
(147, 76, '2023-11-24', FALSE),
(148, 117, '2025-02-01', FALSE),
(149, 65, '2024-10-20', FALSE),
(150, 44, '2023-11-11', TRUE),
(151, 49, '2024-06-03', FALSE),
(152, 192, '2024-10-19', FALSE),
(153, 25, '2023-07-18', FALSE),
(154, 77, '2024-01-01', TRUE),
(155, 6, '2023-11-27', FALSE),
(156, 61, '2023-11-23', FALSE),
(157, 177, '2024-10-01', TRUE),
(158, 75, '2024-08-17', FALSE),
(159, 150, '2024-06-21', FALSE),
(160, 197, '2024-07-09', FALSE),
(161, 124, '2025-03-18', FALSE),
(162, 146, '2023-08-06', FALSE),
(163, 13, '2025-02-20', FALSE),
(164, 67, '2025-02-26', FALSE),
(165, 156, '2024-05-10', FALSE),
(166, 130, '2024-03-07', TRUE),
(167, 131, '2023-09-11', TRUE),
(168, 144, '2023-10-19', TRUE),
(169, 81, '2024-05-30', FALSE),
(170, 12, '2024-06-05', FALSE),
(171, 85, '2024-09-26', FALSE),
(172, 164, '2024-11-14', FALSE),
(173, 104, '2024-10-17', FALSE),
(174, 134, '2023-05-06', FALSE),
(175, 133, '2024-07-05', FALSE),
(176, 73, '2023-08-08', FALSE),
(177, 20, '2025-02-03', FALSE),
(178, 146, '2023-11-01', FALSE),
(179, 114, '2023-11-19', FALSE),
(180, 47, '2024-10-10', FALSE),
(181, 115, '2025-03-03', FALSE),
(182, 91, '2025-02-10', FALSE),
(183, 12, '2024-06-14', TRUE),
(184, 161, '2023-10-10', TRUE),
(185, 35, '2024-03-19', FALSE),
(186, 177, '2023-09-20', FALSE),
(187, 91, '2024-08-16', FALSE),
(188, 200, '2024-08-06', FALSE),
(189, 110, '2025-02-02', FALSE),
(190, 142, '2024-07-05', FALSE),
(191, 153, '2024-06-15', FALSE),
(192, 175, '2024-03-19', FALSE),
(193, 88, '2023-10-21', TRUE),
(194, 83, '2024-02-18', FALSE),
(195, 31, '2025-03-14', FALSE),
(196, 138, '2024-04-05', TRUE),
(197, 139, '2024-09-11', FALSE),
(198, 69, '2024-09-19', FALSE),
(199, 184, '2023-06-08', TRUE),
(200, 140, '2023-05-30', TRUE),
(201, 110, '2024-02-26', FALSE),
(202, 145, '2024-10-26', FALSE),
(203, 135, '2025-03-03', FALSE),
(204, 1, '2023-07-17', FALSE),
(205, 56, '2023-04-17', TRUE),
(206, 180, '2023-12-29', FALSE),
(207, 33, '2024-02-29', FALSE),
(208, 150, '2024-07-12', TRUE),
(209, 30, '2023-04-27', FALSE),
(210, 198, '2023-07-22', FALSE),
(211, 47, '2024-03-09', FALSE),
(212, 96, '2023-10-02', FALSE),
(213, 161, '2025-02-21', TRUE),
(214, 89, '2024-06-27', FALSE),
(215, 145, '2023-11-05', TRUE),
(216, 177, '2024-07-31', TRUE),
(217, 154, '2024-02-20', FALSE),
(218, 114, '2023-10-25', FALSE),
(219, 23, '2024-01-05', FALSE),
(220, 40, '2023-10-13', FALSE),
(221, 116, '2025-03-08', FALSE),
(222, 44, '2023-12-14', TRUE),
(223, 72, '2025-03-27', FALSE),
(224, 190, '2024-04-08', FALSE),
(225, 188, '2023-09-03', FALSE),
(226, 88, '2024-07-09', FALSE),
(227, 150, '2025-03-05', TRUE),
(228, 183, '2023-08-06', FALSE),
(229, 165, '2025-02-07', FALSE),
(230, 113, '2025-01-03', TRUE),
(231, 108, '2023-05-03', TRUE),
(232, 144, '2024-04-13', FALSE),
(233, 95, '2023-06-16', TRUE),
(234, 25, '2024-08-28', FALSE),
(235, 42, '2024-03-21', FALSE),
(236, 131, '2024-05-29', FALSE),
(237, 119, '2024-10-15', TRUE),
(238, 119, '2024-07-16', FALSE),
(239, 22, '2023-11-06', FALSE),
(240, 88, '2024-03-28', FALSE),
(241, 140, '2024-04-07', FALSE),
(242, 123, '2023-10-15', FALSE),
(243, 44, '2024-09-28', TRUE),
(244, 65, '2023-06-21', TRUE),
(245, 164, '2023-08-24', FALSE),
(246, 160, '2024-08-06', FALSE),
(247, 143, '2024-11-11', FALSE),
(248, 95, '2023-10-04', TRUE),
(249, 189, '2024-07-22', FALSE),
(250, 13, '2025-02-14', TRUE),
(251, 98, '2024-11-23', FALSE),
(252, 176, '2023-04-26', FALSE),
(253, 174, '2023-11-10', FALSE),
(254, 134, '2023-09-13', FALSE),
(255, 16, '2024-04-23', FALSE),
(256, 130, '2023-10-25', TRUE),
(257, 102, '2024-03-09', FALSE),
(258, 140, '2023-09-15', TRUE),
(259, 10, '2025-01-13', TRUE),
(260, 174, '2024-09-25', TRUE),
(261, 5, '2025-03-27', FALSE),
(262, 51, '2024-03-06', FALSE),
(263, 182, '2023-09-06', FALSE),
(264, 69, '2025-02-25', FALSE),
(265, 15, '2025-03-24', FALSE),
(266, 97, '2023-08-31', FALSE),
(267, 95, '2023-11-03', TRUE),
(268, 182, '2023-06-09', FALSE),
(269, 160, '2024-01-28', FALSE),
(270, 66, '2025-02-11', FALSE),
(271, 149, '2024-10-31', FALSE),
(272, 124, '2023-11-25', FALSE),
(273, 85, '2023-05-17', TRUE),
(274, 172, '2024-07-30', FALSE),
(275, 13, '2024-09-10', FALSE),
(276, 178, '2024-09-02', FALSE),
(277, 156, '2024-03-20', TRUE),
(278, 119, '2024-09-14', FALSE),
(279, 71, '2023-09-08', FALSE),
(280, 17, '2024-12-15', FALSE),
(281, 122, '2023-08-08', FALSE),
(282, 140, '2024-11-03', FALSE),
(283, 112, '2025-04-01', FALSE),
(284, 34, '2024-04-07', FALSE),
(285, 63, '2024-08-21', TRUE),
(286, 65, '2024-04-20', TRUE),
(287, 97, '2023-07-07', FALSE),
(288, 96, '2024-01-23', FALSE),
(289, 101, '2024-01-18', TRUE),
(290, 168, '2023-09-18', FALSE),
(291, 156, '2025-03-02', FALSE),
(292, 56, '2023-08-18', FALSE),
(293, 98, '2024-05-04', FALSE),
(294, 9, '2025-01-31', TRUE),
(295, 63, '2024-10-15', TRUE),
(296, 168, '2023-06-29', TRUE),
(297, 164, '2023-12-11', FALSE),
(298, 157, '2023-11-26', FALSE),
(299, 162, '2024-04-20', FALSE),
(300, 99, '2024-03-19', TRUE),
(301, 31, '2024-01-16', FALSE),
(302, 105, '2024-07-05', TRUE),
(303, 65, '2023-05-29', FALSE),
(304, 52, '2023-08-24', FALSE),
(305, 49, '2024-10-22', FALSE),
(306, 12, '2024-08-20', FALSE),
(307, 111, '2024-12-16', FALSE),
(308, 59, '2024-10-06', FALSE),
(309, 97, '2025-01-29', TRUE),
(310, 13, '2024-12-18', FALSE),
(311, 79, '2024-08-08', FALSE),
(312, 110, '2023-06-05', FALSE),
(313, 40, '2023-04-22', FALSE),
(314, 185, '2024-06-20', FALSE),
(315, 116, '2024-02-07', TRUE),
(316, 183, '2025-03-09', FALSE),
(317, 29, '2024-01-18', FALSE),
(318, 42, '2024-04-27', TRUE),
(319, 184, '2023-05-11', FALSE),
(320, 114, '2024-10-07', FALSE),
(321, 186, '2025-01-01', FALSE),
(322, 162, '2023-06-21', FALSE),
(323, 183, '2023-07-13', FALSE),
(324, 65, '2023-06-13', FALSE),
(325, 131, '2024-02-10', TRUE),
(326, 166, '2024-10-31', FALSE),
(327, 33, '2024-04-14', FALSE),
(328, 174, '2023-10-12', TRUE),
(329, 77, '2024-04-25', TRUE),
(330, 19, '2024-10-17', FALSE),
(331, 14, '2024-10-03', TRUE),
(332, 67, '2025-03-14', FALSE),
(333, 56, '2023-09-13', TRUE),
(334, 138, '2023-06-30', TRUE),
(335, 57, '2023-12-25', FALSE),
(336, 164, '2024-01-26', FALSE),
(337, 126, '2024-04-07', FALSE),
(338, 167, '2023-05-11', TRUE),
(339, 5, '2025-03-20', TRUE),
(340, 60, '2024-01-15', FALSE),
(341, 75, '2024-04-21', FALSE),
(342, 127, '2023-12-18', FALSE),
(343, 174, '2023-06-03', FALSE),
(344, 174, '2024-09-13', FALSE),
(345, 76, '2024-12-05', FALSE),
(346, 90, '2024-07-23', FALSE),
(347, 151, '2024-03-01', FALSE),
(348, 199, '2023-12-02', FALSE),
(349, 91, '2023-04-18', FALSE),
(350, 83, '2023-06-12', FALSE),
(351, 163, '2024-07-04', TRUE),
(352, 79, '2023-05-30', FALSE),
(353, 52, '2024-05-20', FALSE),
(354, 80, '2024-03-17', FALSE),
(355, 32, '2025-03-05', FALSE),
(356, 86, '2023-10-08', TRUE),
(357, 182, '2024-01-22', FALSE),
(358, 101, '2024-07-09', TRUE),
(359, 190, '2025-01-02', FALSE),
(360, 159, '2023-08-22', FALSE),
(361, 165, '2023-08-19', FALSE),
(362, 87, '2024-10-27', FALSE),
(363, 79, '2023-04-24', FALSE),
(364, 46, '2024-02-15', FALSE),
(365, 82, '2024-04-08', FALSE),
(366, 75, '2024-06-13', TRUE),
(367, 173, '2024-08-03', FALSE),
(368, 36, '2023-11-18', FALSE),
(369, 196, '2024-06-13', FALSE),
(370, 154, '2023-11-28', FALSE),
(371, 184, '2024-08-16', FALSE),
(372, 36, '2024-11-23', FALSE),
(373, 18, '2024-06-24', FALSE),
(374, 161, '2025-01-28', FALSE),
(375, 120, '2024-05-18', TRUE),
(376, 67, '2023-04-29', FALSE),
(377, 110, '2025-01-05', FALSE),
(378, 130, '2024-01-11', FALSE),
(379, 192, '2025-01-01', TRUE),
(380, 141, '2024-10-18', FALSE),
(381, 155, '2024-09-22', FALSE),
(382, 82, '2023-08-17', FALSE),
(383, 78, '2025-02-08', TRUE),
(384, 144, '2024-12-22', FALSE),
(385, 63, '2024-04-17', FALSE),
(386, 28, '2024-12-18', FALSE),
(387, 3, '2023-10-24', FALSE),
(388, 38, '2023-07-22', FALSE),
(389, 192, '2023-07-20', FALSE),
(390, 156, '2024-10-12', TRUE),
(391, 36, '2024-11-20', FALSE),
(392, 133, '2024-03-22', FALSE),
(393, 169, '2023-06-29', FALSE),
(394, 156, '2024-11-08', TRUE),
(395, 138, '2023-05-02', FALSE),
(396, 51, '2024-08-03', FALSE),
(397, 19, '2024-04-27', FALSE),
(398, 109, '2024-08-29', TRUE),
(399, 146, '2023-11-22', FALSE),
(400, 168, '2024-12-28', FALSE),
(401, 1, '2025-04-08', FALSE),
(402, 141, '2023-12-10', FALSE),
(403, 197, '2025-01-11', FALSE),
(404, 183, '2025-03-09', FALSE),
(405, 19, '2023-08-22', FALSE),
(406, 67, '2025-03-01', FALSE),
(407, 102, '2023-12-11', FALSE),
(408, 150, '2025-02-07', FALSE),
(409, 189, '2024-10-14', FALSE),
(410, 70, '2023-08-28', FALSE),
(411, 79, '2023-06-25', FALSE),
(412, 43, '2024-06-07', FALSE),
(413, 170, '2024-04-02', FALSE),
(414, 199, '2024-11-10', FALSE),
(415, 136, '2024-04-04', FALSE),
(416, 173, '2024-06-02', FALSE),
(417, 19, '2024-05-30', FALSE),
(418, 35, '2025-04-10', FALSE),
(419, 159, '2025-01-26', FALSE),
(420, 7, '2024-03-13', FALSE),
(421, 158, '2023-10-18', FALSE),
(422, 99, '2024-11-09', TRUE),
(423, 114, '2025-01-22', FALSE),
(424, 142, '2025-02-25', FALSE),
(425, 118, '2023-06-14', FALSE),
(426, 139, '2023-10-04', FALSE),
(427, 161, '2024-11-28', FALSE),
(428, 24, '2025-03-21', FALSE),
(429, 193, '2023-07-06', FALSE),
(430, 158, '2025-02-14', TRUE),
(431, 158, '2024-12-27', FALSE),
(432, 137, '2024-02-26', FALSE),
(433, 74, '2023-07-15', FALSE),
(434, 59, '2024-06-08', TRUE),
(435, 140, '2024-12-10', FALSE),
(436, 124, '2024-03-30', TRUE),
(437, 70, '2023-08-03', FALSE),
(438, 5, '2023-09-06', FALSE),
(439, 148, '2024-01-16', FALSE),
(440, 49, '2023-05-10', TRUE),
(441, 104, '2024-05-07', FALSE),
(442, 60, '2024-02-17', FALSE),
(443, 40, '2023-05-01', FALSE),
(444, 15, '2024-09-02', FALSE),
(445, 164, '2025-04-13', TRUE),
(446, 76, '2023-12-22', FALSE),
(447, 11, '2025-03-14', TRUE),
(448, 18, '2024-07-17', FALSE),
(449, 56, '2023-10-08', FALSE),
(450, 4, '2024-08-24', TRUE),
(451, 176, '2024-06-05', FALSE),
(452, 116, '2024-09-20', FALSE),
(453, 46, '2025-03-28', FALSE),
(454, 135, '2025-01-14', FALSE),
(455, 155, '2024-10-14', TRUE),
(456, 143, '2023-11-16', TRUE),
(457, 7, '2023-04-17', FALSE),
(458, 189, '2023-09-28', TRUE),
(459, 144, '2024-11-01', FALSE),
(460, 108, '2025-03-25', FALSE),
(461, 11, '2023-05-16', TRUE),
(462, 52, '2025-02-01', TRUE),
(463, 155, '2025-04-14', FALSE),
(464, 14, '2024-11-15', FALSE),
(465, 12, '2025-01-19', TRUE),
(466, 89, '2025-04-08', FALSE),
(467, 96, '2023-09-24', FALSE),
(468, 34, '2023-08-21', FALSE),
(469, 46, '2024-06-17', FALSE),
(470, 122, '2024-11-07', FALSE),
(471, 150, '2024-10-18', FALSE),
(472, 10, '2023-10-19', FALSE),
(473, 139, '2025-04-02', TRUE),
(474, 34, '2024-05-06', FALSE),
(475, 73, '2024-07-19', FALSE),
(476, 164, '2023-09-15', FALSE),
(477, 84, '2024-05-25', TRUE),
(478, 132, '2024-07-14', FALSE),
(479, 77, '2025-01-06', FALSE),
(480, 98, '2024-06-09', FALSE),
(481, 160, '2023-05-25', FALSE),
(482, 132, '2024-10-19', FALSE),
(483, 112, '2024-05-27', FALSE),
(484, 120, '2025-02-26', FALSE),
(485, 64, '2025-04-02', TRUE),
(486, 53, '2025-04-03', FALSE),
(487, 85, '2024-09-05', FALSE),
(488, 38, '2024-01-29', TRUE),
(489, 181, '2025-01-08', TRUE),
(490, 70, '2025-01-15', FALSE),
(491, 183, '2023-11-04', TRUE),
(492, 31, '2023-05-23', FALSE),
(493, 1, '2024-08-28', TRUE),
(494, 146, '2023-04-25', FALSE),
(495, 105, '2023-12-17', FALSE),
(496, 6, '2025-02-14', TRUE),
(497, 70, '2025-04-07', FALSE),
(498, 52, '2024-10-29', FALSE),
(499, 21, '2023-08-14', FALSE),
(500, 166, '2023-07-26', FALSE),
(501, 166, '2024-03-09', TRUE),
(502, 58, '2023-04-24', FALSE),
(503, 67, '2023-11-16', FALSE),
(504, 87, '2023-09-14', FALSE),
(505, 117, '2023-11-17', FALSE),
(506, 50, '2023-11-21', TRUE),
(507, 70, '2023-09-04', FALSE),
(508, 197, '2025-01-09', FALSE),
(509, 174, '2024-05-26', TRUE),
(510, 149, '2025-01-30', FALSE),
(511, 171, '2024-06-16', FALSE),
(512, 143, '2024-09-14', TRUE),
(513, 70, '2024-03-10', TRUE),
(514, 57, '2023-06-30', TRUE),
(515, 167, '2024-09-05', TRUE),
(516, 25, '2024-09-02', FALSE),
(517, 75, '2024-02-11', FALSE),
(518, 150, '2023-07-26', FALSE),
(519, 129, '2023-06-18', TRUE),
(520, 17, '2024-09-22', FALSE),
(521, 124, '2024-03-04', FALSE),
(522, 171, '2024-11-03', FALSE),
(523, 56, '2024-08-11', FALSE),
(524, 198, '2023-10-12', FALSE),
(525, 82, '2023-06-28', FALSE),
(526, 125, '2023-09-25', FALSE),
(527, 67, '2023-12-08', FALSE),
(528, 44, '2024-03-28', FALSE),
(529, 115, '2023-04-29', FALSE),
(530, 30, '2023-09-12', FALSE),
(531, 162, '2024-03-12', FALSE),
(532, 156, '2023-05-09', FALSE),
(533, 22, '2024-07-19', FALSE),
(534, 140, '2024-06-17', FALSE),
(535, 106, '2024-10-03', FALSE),
(536, 173, '2023-04-19', FALSE),
(537, 150, '2024-07-10', FALSE),
(538, 124, '2024-04-06', FALSE),
(539, 55, '2024-02-09', TRUE),
(540, 199, '2023-09-07', FALSE),
(541, 24, '2024-03-07', TRUE),
(542, 126, '2024-06-04', TRUE),
(543, 49, '2023-12-16', FALSE),
(544, 79, '2024-04-05', FALSE),
(545, 191, '2024-01-05', TRUE),
(546, 7, '2024-04-07', TRUE),
(547, 87, '2024-08-08', TRUE),
(548, 142, '2023-10-18', TRUE),
(549, 148, '2024-11-20', FALSE),
(550, 192, '2023-04-15', FALSE),
(551, 81, '2023-11-19', FALSE),
(552, 113, '2025-04-13', FALSE),
(553, 195, '2024-02-13', FALSE),
(554, 144, '2024-01-25', FALSE),
(555, 113, '2023-12-14', FALSE),
(556, 131, '2023-11-09', FALSE),
(557, 196, '2023-10-08', FALSE),
(558, 87, '2024-07-24', FALSE),
(559, 184, '2024-08-12', TRUE),
(560, 1, '2023-06-24', FALSE),
(561, 173, '2024-09-06', FALSE),
(562, 181, '2023-08-06', FALSE),
(563, 24, '2023-07-28', TRUE),
(564, 59, '2023-09-20', FALSE),
(565, 181, '2023-08-23', FALSE),
(566, 63, '2024-06-14', FALSE),
(567, 41, '2023-11-07', FALSE),
(568, 174, '2025-03-03', TRUE),
(569, 142, '2024-12-11', FALSE),
(570, 29, '2024-06-22', TRUE),
(571, 107, '2025-01-08', FALSE),
(572, 27, '2024-08-16', FALSE),
(573, 113, '2023-12-26', FALSE),
(574, 2, '2024-02-16', FALSE),
(575, 84, '2025-03-25', FALSE),
(576, 38, '2023-06-30', FALSE),
(577, 25, '2024-06-26', FALSE),
(578, 21, '2024-11-08', FALSE),
(579, 112, '2023-08-24', FALSE),
(580, 189, '2023-05-29', FALSE),
(581, 104, '2023-09-01', FALSE),
(582, 104, '2023-09-25', TRUE),
(583, 42, '2023-09-07', FALSE),
(584, 179, '2024-05-13', TRUE),
(585, 68, '2023-06-19', FALSE),
(586, 196, '2025-02-27', FALSE),
(587, 116, '2024-07-09', FALSE),
(588, 80, '2025-03-28', FALSE),
(589, 108, '2025-01-27', FALSE),
(590, 107, '2025-03-25', FALSE),
(591, 65, '2023-05-14', TRUE),
(592, 186, '2023-07-22', TRUE),
(593, 177, '2024-03-14', FALSE),
(594, 65, '2024-05-22', TRUE),
(595, 68, '2023-10-02', FALSE),
(596, 178, '2025-04-04', TRUE),
(597, 151, '2025-03-30', TRUE),
(598, 70, '2024-08-15', FALSE),
(599, 41, '2024-12-02', FALSE),
(600, 77, '2025-02-03', FALSE),
(601, 182, '2025-04-14', FALSE),
(602, 64, '2024-07-26', FALSE),
(603, 188, '2023-12-03', FALSE),
(604, 125, '2024-02-18', FALSE),
(605, 47, '2023-05-11', TRUE),
(606, 49, '2024-12-03', FALSE),
(607, 33, '2025-03-06', FALSE),
(608, 27, '2023-11-25', FALSE),
(609, 115, '2023-11-24', FALSE),
(610, 63, '2023-12-22', FALSE),
(611, 31, '2024-03-09', TRUE),
(612, 90, '2025-01-10', TRUE),
(613, 48, '2023-12-09', TRUE),
(614, 65, '2025-03-09', FALSE),
(615, 118, '2025-04-10', FALSE),
(616, 115, '2023-11-21', FALSE),
(617, 66, '2023-10-20', FALSE),
(618, 43, '2024-07-11', FALSE),
(619, 24, '2023-11-23', FALSE),
(620, 93, '2024-05-06', FALSE),
(621, 88, '2024-03-03', FALSE),
(622, 165, '2023-08-30', FALSE),
(623, 37, '2024-11-02', FALSE),
(624, 115, '2024-11-08', FALSE),
(625, 51, '2023-05-17', FALSE),
(626, 33, '2023-12-30', TRUE),
(627, 116, '2023-12-13', FALSE),
(628, 180, '2023-04-29', TRUE),
(629, 51, '2023-12-10', FALSE),
(630, 93, '2024-12-01', FALSE),
(631, 84, '2024-09-28', FALSE),
(632, 47, '2024-10-26', TRUE),
(633, 9, '2025-02-23', TRUE),
(634, 115, '2023-10-17', FALSE),
(635, 115, '2024-12-30', TRUE),
(636, 13, '2024-06-19', TRUE),
(637, 192, '2023-09-26', TRUE),
(638, 30, '2023-08-03', FALSE),
(639, 87, '2023-11-16', FALSE),
(640, 94, '2023-06-20', TRUE),
(641, 93, '2023-09-15', FALSE),
(642, 33, '2023-05-19', FALSE),
(643, 84, '2023-11-03', FALSE),
(644, 143, '2025-03-18', FALSE),
(645, 52, '2023-08-10', FALSE),
(646, 129, '2024-05-29', FALSE),
(647, 66, '2023-11-27', FALSE),
(648, 55, '2024-01-19', FALSE),
(649, 64, '2023-11-03', FALSE),
(650, 101, '2025-03-11', FALSE),
(651, 92, '2024-09-03', TRUE),
(652, 90, '2024-08-29', FALSE),
(653, 96, '2024-10-07', TRUE),
(654, 79, '2024-12-24', FALSE),
(655, 6, '2024-02-27', TRUE),
(656, 64, '2023-12-07', FALSE),
(657, 131, '2024-01-21', FALSE),
(658, 97, '2024-11-22', FALSE),
(659, 86, '2024-12-31', FALSE),
(660, 111, '2023-06-30', FALSE),
(661, 84, '2024-05-12', FALSE),
(662, 21, '2024-01-28', FALSE),
(663, 36, '2024-01-07', TRUE),
(664, 23, '2024-05-25', TRUE),
(665, 36, '2025-04-04', FALSE),
(666, 170, '2023-09-23', TRUE),
(667, 6, '2024-05-26', FALSE),
(668, 198, '2023-10-19', TRUE),
(669, 55, '2024-03-16', TRUE),
(670, 179, '2025-01-19', FALSE),
(671, 193, '2025-01-08', FALSE),
(672, 123, '2023-06-14', FALSE),
(673, 196, '2024-09-10', FALSE),
(674, 89, '2024-02-11', FALSE),
(675, 162, '2024-05-02', FALSE),
(676, 46, '2024-05-05', FALSE),
(677, 175, '2023-10-26', FALSE),
(678, 131, '2024-01-19', TRUE),
(679, 86, '2023-07-08', FALSE),
(680, 188, '2023-07-11', FALSE),
(681, 44, '2023-05-10', FALSE),
(682, 185, '2025-02-05', TRUE),
(683, 173, '2023-05-24', FALSE),
(684, 50, '2023-05-06', TRUE),
(685, 153, '2025-01-05', FALSE),
(686, 63, '2024-01-23', FALSE),
(687, 109, '2024-05-24', TRUE),
(688, 74, '2023-05-03', FALSE),
(689, 50, '2023-05-16', FALSE),
(690, 96, '2024-04-26', FALSE),
(691, 47, '2025-04-05', FALSE),
(692, 126, '2025-01-22', TRUE),
(693, 63, '2024-05-03', FALSE),
(694, 97, '2023-05-21', FALSE),
(695, 42, '2024-08-21', FALSE),
(696, 115, '2023-04-15', FALSE),
(697, 65, '2024-01-28', FALSE),
(698, 66, '2024-09-17', FALSE),
(699, 8, '2024-04-26', FALSE),
(700, 23, '2023-08-26', FALSE),
(701, 35, '2024-08-12', TRUE),
(702, 180, '2024-09-29', FALSE),
(703, 183, '2024-06-13', FALSE),
(704, 64, '2023-08-15', TRUE),
(705, 200, '2023-12-22', FALSE),
(706, 57, '2023-09-16', FALSE),
(707, 132, '2023-10-14', FALSE),
(708, 25, '2024-05-03', TRUE),
(709, 88, '2024-04-21', FALSE),
(710, 186, '2023-05-17', FALSE),
(711, 75, '2025-01-17', FALSE),
(712, 18, '2023-09-28', FALSE),
(713, 44, '2023-08-08', FALSE),
(714, 25, '2024-11-03', FALSE),
(715, 194, '2023-05-17', FALSE),
(716, 85, '2024-02-04', FALSE),
(717, 200, '2024-08-27', FALSE),
(718, 154, '2024-01-04', FALSE),
(719, 168, '2024-01-21', TRUE),
(720, 193, '2024-05-27', FALSE),
(721, 119, '2024-05-22', TRUE),
(722, 2, '2024-08-16', TRUE),
(723, 152, '2025-04-09', TRUE),
(724, 39, '2024-05-16', TRUE),
(725, 119, '2023-04-26', FALSE),
(726, 193, '2023-08-20', FALSE),
(727, 103, '2023-06-20', FALSE),
(728, 35, '2023-06-15', FALSE),
(729, 97, '2023-11-26', FALSE),
(730, 36, '2024-09-07', FALSE),
(731, 40, '2023-09-02', FALSE),
(732, 86, '2023-10-27', FALSE),
(733, 94, '2023-08-16', FALSE),
(734, 123, '2024-03-10', FALSE),
(735, 44, '2024-09-13', FALSE),
(736, 156, '2023-05-13', TRUE),
(737, 144, '2024-11-04', FALSE),
(738, 88, '2025-01-31', FALSE),
(739, 4, '2023-05-15', FALSE),
(740, 167, '2024-12-30', FALSE),
(741, 56, '2024-03-13', FALSE),
(742, 117, '2024-01-30', TRUE),
(743, 147, '2024-01-29', FALSE),
(744, 158, '2025-04-01', FALSE),
(745, 106, '2024-03-27', FALSE),
(746, 21, '2024-11-12', FALSE),
(747, 136, '2023-11-17', FALSE),
(748, 165, '2025-02-01', FALSE),
(749, 87, '2023-07-12', FALSE),
(750, 28, '2024-12-03', FALSE),
(751, 132, '2023-06-28', FALSE),
(752, 18, '2024-02-12', FALSE),
(753, 149, '2023-05-06', FALSE),
(754, 185, '2024-12-02', FALSE),
(755, 92, '2024-01-27', FALSE),
(756, 154, '2024-07-29', FALSE),
(757, 71, '2024-05-28', FALSE),
(758, 131, '2023-06-21', FALSE),
(759, 49, '2025-01-31', FALSE),
(760, 49, '2024-07-16', FALSE),
(761, 44, '2024-09-18', FALSE),
(762, 82, '2024-04-22', TRUE),
(763, 31, '2025-01-27', FALSE),
(764, 165, '2023-12-03', FALSE),
(765, 31, '2024-01-03', FALSE),
(766, 101, '2025-02-26', FALSE),
(767, 148, '2024-07-27', TRUE),
(768, 168, '2024-01-29', FALSE),
(769, 66, '2023-08-08', FALSE),
(770, 8, '2025-02-08', FALSE),
(771, 108, '2023-12-14', TRUE),
(772, 95, '2023-10-06', FALSE),
(773, 150, '2024-09-20', TRUE),
(774, 108, '2023-09-14', FALSE),
(775, 129, '2024-01-18', TRUE),
(776, 186, '2025-03-29', FALSE),
(777, 180, '2023-05-24', FALSE),
(778, 176, '2023-11-24', TRUE),
(779, 189, '2024-01-12', TRUE),
(780, 8, '2025-04-03', FALSE),
(781, 6, '2023-05-04', FALSE),
(782, 31, '2024-11-05', FALSE),
(783, 166, '2024-06-19', FALSE),
(784, 6, '2024-05-07', TRUE),
(785, 130, '2023-10-25', FALSE),
(786, 107, '2024-04-14', FALSE),
(787, 96, '2025-04-10', FALSE),
(788, 160, '2023-12-07', FALSE),
(789, 24, '2023-07-06', FALSE),
(790, 74, '2023-11-20', FALSE),
(791, 27, '2024-01-18', TRUE),
(792, 70, '2024-10-04', FALSE),
(793, 72, '2024-06-13', FALSE),
(794, 102, '2024-11-07', TRUE),
(795, 112, '2023-11-29', FALSE),
(796, 126, '2023-05-26', TRUE),
(797, 118, '2024-12-20', FALSE),
(798, 109, '2024-09-01', FALSE),
(799, 180, '2024-09-28', FALSE),
(800, 131, '2025-02-03', FALSE),
(801, 75, '2024-03-24', FALSE),
(802, 23, '2023-05-26', FALSE),
(803, 110, '2024-04-04', FALSE),
(804, 1, '2024-04-16', FALSE),
(805, 166, '2023-06-18', FALSE),
(806, 158, '2024-10-09', FALSE),
(807, 26, '2024-01-26', FALSE),
(808, 140, '2023-08-04', TRUE),
(809, 62, '2024-07-19', FALSE),
(810, 33, '2024-04-28', FALSE),
(811, 158, '2024-11-08', FALSE),
(812, 8, '2023-07-31', FALSE),
(813, 90, '2023-12-11', TRUE),
(814, 136, '2024-08-30', FALSE),
(815, 7, '2024-12-24', FALSE),
(816, 30, '2023-06-30', FALSE),
(817, 151, '2023-08-27', TRUE),
(818, 74, '2023-07-10', TRUE),
(819, 14, '2024-07-07', TRUE),
(820, 132, '2024-06-21', FALSE),
(821, 160, '2024-07-13', TRUE),
(822, 199, '2025-02-13', TRUE),
(823, 15, '2024-03-14', TRUE),
(824, 106, '2023-06-13', FALSE),
(825, 7, '2024-11-24', FALSE),
(826, 142, '2023-06-17', FALSE),
(827, 57, '2023-04-23', FALSE),
(828, 179, '2024-11-08', FALSE),
(829, 90, '2024-10-07', FALSE),
(830, 94, '2024-03-08', FALSE),
(831, 81, '2024-02-21', TRUE),
(832, 133, '2023-08-03', FALSE),
(833, 25, '2023-12-15', FALSE),
(834, 103, '2024-06-21', TRUE),
(835, 195, '2025-02-10', FALSE),
(836, 26, '2024-08-05', FALSE),
(837, 139, '2025-02-24', FALSE),
(838, 79, '2024-11-27', TRUE),
(839, 185, '2024-10-23', FALSE),
(840, 178, '2023-04-16', FALSE),
(841, 108, '2025-03-18', FALSE),
(842, 1, '2025-01-27', TRUE),
(843, 94, '2025-02-04', FALSE),
(844, 102, '2023-12-16', TRUE),
(845, 17, '2023-12-10', FALSE),
(846, 141, '2024-06-14', FALSE),
(847, 87, '2024-02-12', FALSE),
(848, 48, '2023-05-29', FALSE),
(849, 75, '2023-05-27', TRUE),
(850, 104, '2025-02-25', TRUE),
(851, 82, '2024-09-18', TRUE),
(852, 42, '2024-03-28', TRUE),
(853, 164, '2024-04-16', TRUE),
(854, 88, '2024-12-20', FALSE),
(855, 135, '2023-08-04', FALSE),
(856, 80, '2025-02-26', TRUE),
(857, 26, '2024-12-08', TRUE),
(858, 149, '2024-01-18', TRUE),
(859, 142, '2024-11-03', FALSE),
(860, 193, '2024-10-13', FALSE),
(861, 120, '2024-10-04', TRUE),
(862, 87, '2023-06-21', TRUE),
(863, 41, '2023-11-02', FALSE),
(864, 180, '2024-07-21', TRUE),
(865, 22, '2024-08-02', TRUE),
(866, 146, '2024-09-26', FALSE),
(867, 121, '2024-05-23', FALSE),
(868, 197, '2025-03-30', TRUE),
(869, 44, '2024-09-03', TRUE),
(870, 5, '2024-12-02', FALSE),
(871, 32, '2023-11-22', TRUE),
(872, 30, '2025-01-26', FALSE),
(873, 124, '2024-05-25', FALSE),
(874, 33, '2023-08-22', FALSE),
(875, 196, '2023-06-24', FALSE),
(876, 33, '2023-10-21', TRUE),
(877, 53, '2024-03-13', FALSE),
(878, 165, '2023-05-31', FALSE),
(879, 89, '2023-12-03', FALSE),
(880, 62, '2023-07-13', FALSE),
(881, 51, '2025-04-09', FALSE),
(882, 179, '2023-12-08', FALSE),
(883, 149, '2024-10-03', FALSE),
(884, 192, '2025-02-23', TRUE),
(885, 33, '2024-03-20', TRUE),
(886, 147, '2023-07-02', FALSE),
(887, 28, '2025-04-06', FALSE),
(888, 60, '2023-12-28', FALSE),
(889, 25, '2024-09-04', FALSE),
(890, 199, '2023-12-18', FALSE),
(891, 158, '2025-02-24', FALSE),
(892, 77, '2024-11-19', FALSE),
(893, 114, '2024-10-03', FALSE),
(894, 87, '2023-10-09', TRUE),
(895, 125, '2023-08-27', FALSE),
(896, 157, '2024-12-05', FALSE),
(897, 102, '2024-11-28', FALSE),
(898, 5, '2023-05-27', FALSE),
(899, 60, '2024-12-05', TRUE),
(900, 196, '2023-06-01', FALSE),
(901, 104, '2023-07-26', FALSE),
(902, 17, '2024-08-05', FALSE),
(903, 43, '2024-04-27', FALSE),
(904, 136, '2024-10-05', FALSE),
(905, 11, '2024-12-01', FALSE),
(906, 113, '2024-09-10', FALSE),
(907, 55, '2023-06-05', FALSE),
(908, 5, '2024-12-05', FALSE),
(909, 51, '2023-09-18', FALSE),
(910, 38, '2024-06-22', TRUE),
(911, 75, '2023-06-18', FALSE),
(912, 75, '2024-12-10', FALSE),
(913, 174, '2024-03-14', FALSE),
(914, 119, '2023-09-23', FALSE),
(915, 165, '2024-02-03', FALSE),
(916, 112, '2024-02-04', FALSE),
(917, 38, '2024-05-22', TRUE),
(918, 16, '2023-08-17', FALSE),
(919, 113, '2023-09-30', FALSE),
(920, 194, '2024-02-13', FALSE),
(921, 178, '2023-11-29', FALSE),
(922, 123, '2024-09-20', FALSE),
(923, 131, '2023-10-02', FALSE),
(924, 121, '2023-05-03', FALSE),
(925, 42, '2023-11-27', FALSE),
(926, 139, '2024-04-04', FALSE),
(927, 100, '2023-07-08', FALSE),
(928, 154, '2024-08-23', FALSE),
(929, 161, '2024-06-08', FALSE),
(930, 200, '2024-03-04', FALSE),
(931, 176, '2024-05-31', TRUE),
(932, 176, '2025-03-31', FALSE),
(933, 108, '2024-04-03', FALSE),
(934, 174, '2023-06-29', FALSE),
(935, 122, '2024-08-04', FALSE),
(936, 130, '2024-05-03', FALSE),
(937, 87, '2023-08-12', FALSE),
(938, 194, '2023-12-26', FALSE),
(939, 55, '2024-12-23', FALSE),
(940, 73, '2024-01-26', FALSE),
(941, 87, '2023-07-21', TRUE),
(942, 194, '2025-04-09', FALSE),
(943, 176, '2024-01-28', FALSE),
(944, 107, '2023-08-25', TRUE),
(945, 147, '2023-06-27', FALSE),
(946, 92, '2024-09-11', FALSE),
(947, 2, '2023-07-23', FALSE),
(948, 32, '2024-07-04', TRUE),
(949, 138, '2023-06-17', FALSE),
(950, 83, '2023-06-26', TRUE),
(951, 107, '2024-10-20', TRUE),
(952, 21, '2024-11-05', TRUE),
(953, 74, '2024-09-19', TRUE),
(954, 61, '2024-05-07', FALSE),
(955, 95, '2025-03-08', FALSE),
(956, 1, '2024-07-26', FALSE),
(957, 29, '2023-07-14', FALSE),
(958, 178, '2023-07-19', FALSE),
(959, 123, '2024-05-03', TRUE),
(960, 193, '2023-06-04', FALSE),
(961, 24, '2024-09-02', FALSE),
(962, 134, '2024-02-24', FALSE),
(963, 79, '2023-07-26', FALSE),
(964, 73, '2024-08-23', TRUE),
(965, 189, '2024-10-15', TRUE),
(966, 109, '2024-06-01', FALSE),
(967, 195, '2024-02-04', FALSE),
(968, 199, '2023-06-30', TRUE),
(969, 66, '2024-12-28', FALSE),
(970, 11, '2024-05-20', FALSE),
(971, 71, '2024-06-08', FALSE),
(972, 111, '2023-08-19', TRUE),
(973, 128, '2023-06-28', FALSE),
(974, 120, '2024-11-12', FALSE),
(975, 187, '2024-06-05', FALSE),
(976, 84, '2024-11-02', FALSE),
(977, 90, '2024-01-31', FALSE),
(978, 165, '2023-11-03', FALSE),
(979, 98, '2025-02-16', TRUE),
(980, 152, '2024-04-26', FALSE),
(981, 72, '2025-01-10', TRUE),
(982, 93, '2024-11-02', TRUE),
(983, 172, '2025-04-09', FALSE),
(984, 64, '2025-02-20', FALSE),
(985, 82, '2024-08-15', FALSE),
(986, 28, '2024-11-04', FALSE),
(987, 38, '2024-08-17', FALSE),
(988, 5, '2023-09-20', TRUE),
(989, 27, '2024-12-09', FALSE),
(990, 28, '2024-05-17', FALSE),
(991, 23, '2024-05-21', FALSE),
(992, 23, '2025-02-02', FALSE),
(993, 123, '2023-11-24', TRUE),
(994, 108, '2023-11-05', FALSE),
(995, 2, '2024-02-17', FALSE),
(996, 193, '2023-07-22', FALSE),
(997, 149, '2025-02-07', TRUE),
(998, 79, '2023-08-03', FALSE),
(999, 53, '2023-06-26', FALSE),
(1000, 5, '2024-05-05', FALSE);

INSERT INTO Products (ProductID, ProductName, Category, Price) VALUES
(1, 'Laptop B', 'Clothing', 739.49),
(2, 'Laptop C', 'Electronics', 520.15),
(3, 'Smartphone D', 'Accessories', 107.03),
(4, 'Shoes E', 'Electronics', 467.31),
(5, 'Shirt F', 'Electronics', 90.6),
(6, 'Smartphone G', 'Electronics', 729.92),
(7, 'Bag H', 'Accessories', 534.44),
(8, 'Bag I', 'Home', 674.2),
(9, 'Watch J', 'Beauty', 277.91),
(10, 'Bag K', 'Electronics', 46.3),
(11, 'Shoes L', 'Clothing', 403.36),
(12, 'Shoes M', 'Footwear', 208.93),
(13, 'Watch N', 'Home', 743.34),
(14, 'Shoes O', 'Home', 27.32),
(15, 'Bag P', 'Clothing', 993.52),
(16, 'Shirt Q', 'Electronics', 142.49),
(17, 'Shirt R', 'Clothing', 40.47),
(18, 'Bag S', 'Footwear', 487.92),
(19, 'Bag T', 'Accessories', 336.76),
(20, 'Watch U', 'Electronics', 676.79),
(21, 'Watch V', 'Beauty', 93.71),
(22, 'Laptop W', 'Beauty', 345.58),
(23, 'Laptop X', 'Electronics', 568.48),
(24, 'Watch Y', 'Footwear', 528.68),
(25, 'Smartphone Z', 'Beauty', 527.04),
(26, 'Watch A', 'Footwear', 230.74),
(27, 'Watch B', 'Beauty', 703.73),
(28, 'Watch C', 'Electronics', 235.84),
(29, 'Shirt D', 'Home', 891.21),
(30, 'Watch E', 'Beauty', 172.54),
(31, 'Watch F', 'Electronics', 256.94),
(32, 'Shirt G', 'Accessories', 250.09),
(33, 'Shoes H', 'Home', 706.78),
(34, 'Smartphone I', 'Footwear', 207.24),
(35, 'Shoes J', 'Clothing', 770.29),
(36, 'Shoes K', 'Footwear', 114.49),
(37, 'Shirt L', 'Electronics', 707.91),
(38, 'Watch M', 'Beauty', 979.92),
(39, 'Watch N', 'Electronics', 501.21),
(40, 'Smartphone O', 'Electronics', 219.23),
(41, 'Watch P', 'Clothing', 285.01),
(42, 'Watch Q', 'Electronics', 63.41),
(43, 'Shoes R', 'Footwear', 770.25),
(44, 'Laptop S', 'Clothing', 68.27),
(45, 'Bag T', 'Electronics', 256.97),
(46, 'Shirt U', 'Footwear', 660.98),
(47, 'Watch V', 'Beauty', 343.84),
(48, 'Watch W', 'Home', 285.27),
(49, 'Shoes X', 'Accessories', 117.17),
(50, 'Bag Y', 'Home', 834.71),
(51, 'Shirt Z', 'Home', 854.04),
(52, 'Shirt A', 'Footwear', 420.58),
(53, 'Watch B', 'Beauty', 390.71),
(54, 'Shirt C', 'Beauty', 645.47),
(55, 'Shoes D', 'Home', 858.32),
(56, 'Bag E', 'Footwear', 912.75),
(57, 'Bag F', 'Electronics', 734.91),
(58, 'Shirt G', 'Electronics', 464.42),
(59, 'Shoes H', 'Electronics', 333.56),
(60, 'Shirt I', 'Accessories', 619.71),
(61, 'Laptop J', 'Electronics', 870.61),
(62, 'Shirt K', 'Accessories', 86.39),
(63, 'Shoes L', 'Clothing', 369.5),
(64, 'Smartphone M', 'Clothing', 938.56),
(65, 'Shoes N', 'Home', 407.69),
(66, 'Shirt O', 'Footwear', 363.09),
(67, 'Smartphone P', 'Accessories', 784.97),
(68, 'Bag Q', 'Beauty', 810.6),
(69, 'Shirt R', 'Accessories', 587.01),
(70, 'Shirt S', 'Home', 821.35),
(71, 'Bag T', 'Accessories', 615.95),
(72, 'Smartphone U', 'Footwear', 642.34),
(73, 'Laptop V', 'Footwear', 101.3),
(74, 'Laptop W', 'Electronics', 316.69),
(75, 'Shoes X', 'Accessories', 123.14),
(76, 'Laptop Y', 'Accessories', 651.21),
(77, 'Shirt Z', 'Home', 177.34),
(78, 'Smartphone A', 'Accessories', 334.61),
(79, 'Watch B', 'Beauty', 165.15),
(80, 'Shoes C', 'Clothing', 141.88),
(81, 'Shirt D', 'Home', 637.06),
(82, 'Shoes E', 'Beauty', 77.75),
(83, 'Watch F', 'Electronics', 805.81),
(84, 'Watch G', 'Electronics', 690.67),
(85, 'Shirt H', 'Electronics', 422.95),
(86, 'Smartphone I', 'Accessories', 627.72),
(87, 'Bag J', 'Footwear', 368.89),
(88, 'Smartphone K', 'Electronics', 627.73),
(89, 'Shirt L', 'Footwear', 396.44),
(90, 'Watch M', 'Home', 54.22),
(91, 'Smartphone N', 'Footwear', 640.31),
(92, 'Smartphone O', 'Home', 217.88),
(93, 'Bag P', 'Accessories', 632.27),
(94, 'Shirt Q', 'Beauty', 400.46),
(95, 'Bag R', 'Beauty', 61.28),
(96, 'Laptop S', 'Beauty', 204.37),
(97, 'Shirt T', 'Accessories', 516.07),
(98, 'Watch U', 'Clothing', 760.93),
(99, 'Laptop V', 'Home', 209.6),
(100, 'Shirt W', 'Clothing', 470.0);

INSERT INTO OrderDetails (OrderDetailID, OrderID, ProductID, Quantity) VALUES
(1, 217, 66, 2),
(2, 854, 82, 4),
(3, 94, 32, 2),
(4, 375, 90, 4),
(5, 884, 6, 3),
(6, 174, 41, 1),
(7, 534, 25, 5),
(8, 821, 96, 1),
(9, 592, 64, 5),
(10, 406, 19, 4),
(11, 346, 65, 2),
(12, 514, 59, 5),
(13, 803, 28, 2),
(14, 640, 79, 1),
(15, 448, 21, 3),
(16, 26, 88, 1),
(17, 994, 62, 5),
(18, 585, 94, 1),
(19, 2, 36, 1),
(20, 912, 33, 3),
(21, 904, 93, 5),
(22, 696, 61, 2),
(23, 141, 52, 5),
(24, 904, 55, 5),
(25, 782, 86, 1),
(26, 781, 21, 3),
(27, 842, 18, 4),
(28, 425, 89, 5),
(29, 229, 57, 1),
(30, 763, 43, 2),
(31, 527, 34, 5),
(32, 357, 80, 1),
(33, 605, 99, 1),
(34, 437, 19, 5),
(35, 251, 19, 3),
(36, 571, 51, 1),
(37, 465, 13, 1),
(38, 435, 29, 2),
(39, 927, 88, 5),
(40, 302, 94, 5),
(41, 1000, 9, 4),
(42, 49, 8, 4),
(43, 15, 56, 5),
(44, 465, 10, 4),
(45, 15, 78, 5),
(46, 292, 12, 2),
(47, 18, 58, 4),
(48, 679, 10, 5),
(49, 612, 39, 1),
(50, 155, 50, 1),
(51, 893, 77, 4),
(52, 669, 62, 2),
(53, 738, 54, 1),
(54, 267, 35, 3),
(55, 343, 93, 1),
(56, 259, 6, 5),
(57, 905, 99, 2),
(58, 192, 30, 4),
(59, 697, 19, 5),
(60, 297, 40, 2),
(61, 805, 85, 3),
(62, 642, 71, 4),
(63, 875, 84, 2),
(64, 835, 96, 1),
(65, 508, 32, 2),
(66, 337, 22, 1),
(67, 230, 53, 4),
(68, 946, 63, 3),
(69, 508, 16, 2),
(70, 32, 76, 1),
(71, 588, 87, 5),
(72, 880, 46, 1),
(73, 866, 14, 5),
(74, 667, 92, 3),
(75, 588, 86, 5),
(76, 38, 87, 2),
(77, 398, 38, 2),
(78, 247, 56, 2),
(79, 858, 90, 4),
(80, 743, 35, 1),
(81, 726, 12, 3),
(82, 383, 53, 2),
(83, 766, 85, 4),
(84, 264, 91, 3),
(85, 193, 6, 4),
(86, 910, 91, 2),
(87, 286, 16, 4),
(88, 262, 22, 3),
(89, 949, 70, 2),
(90, 587, 92, 1),
(91, 657, 85, 1),
(92, 514, 6, 4),
(93, 613, 1, 4),
(94, 743, 29, 2),
(95, 777, 88, 2),
(96, 464, 54, 1),
(97, 156, 11, 5),
(98, 388, 8, 5),
(99, 495, 12, 1),
(100, 959, 49, 2),
(101, 675, 24, 5),
(102, 289, 48, 5),
(103, 863, 93, 4),
(104, 626, 95, 1),
(105, 352, 68, 5),
(106, 708, 42, 1),
(107, 784, 64, 5),
(108, 725, 29, 2),
(109, 438, 63, 5),
(110, 919, 32, 2),
(111, 601, 65, 2),
(112, 514, 40, 4),
(113, 560, 42, 5),
(114, 727, 92, 2),
(115, 553, 3, 4),
(116, 464, 80, 1),
(117, 275, 87, 2),
(118, 248, 16, 1),
(119, 46, 1, 5),
(120, 352, 9, 3),
(121, 665, 18, 1),
(122, 661, 50, 5),
(123, 215, 75, 2),
(124, 5, 23, 4),
(125, 973, 28, 1),
(126, 404, 34, 4),
(127, 391, 66, 1),
(128, 71, 14, 5),
(129, 736, 89, 4),
(130, 456, 31, 3),
(131, 655, 23, 1),
(132, 997, 78, 1),
(133, 277, 50, 2),
(134, 665, 46, 2),
(135, 656, 42, 5),
(136, 605, 43, 3),
(137, 32, 70, 5),
(138, 302, 25, 2),
(139, 976, 1, 3),
(140, 418, 92, 4),
(141, 879, 46, 1),
(142, 959, 72, 4),
(143, 204, 83, 4),
(144, 809, 41, 4),
(145, 14, 5, 3),
(146, 613, 45, 3),
(147, 921, 8, 4),
(148, 314, 65, 4),
(149, 875, 83, 3),
(150, 24, 66, 2),
(151, 656, 80, 3),
(152, 437, 6, 4),
(153, 194, 59, 2),
(154, 394, 78, 2),
(155, 570, 22, 2),
(156, 746, 34, 4),
(157, 301, 42, 3),
(158, 18, 96, 1),
(159, 188, 60, 2),
(160, 372, 21, 5),
(161, 560, 12, 4),
(162, 39, 26, 5),
(163, 292, 92, 1),
(164, 768, 34, 5),
(165, 652, 98, 5),
(166, 655, 98, 3),
(167, 895, 24, 3),
(168, 294, 51, 3),
(169, 656, 72, 5),
(170, 185, 59, 5),
(171, 562, 82, 1),
(172, 100, 64, 2),
(173, 716, 14, 3),
(174, 33, 87, 4),
(175, 418, 76, 5),
(176, 98, 5, 5),
(177, 179, 92, 4),
(178, 538, 95, 1),
(179, 427, 15, 3),
(180, 420, 5, 2),
(181, 446, 16, 5),
(182, 451, 92, 4),
(183, 743, 22, 3),
(184, 328, 47, 3),
(185, 250, 51, 3),
(186, 237, 37, 5),
(187, 773, 83, 5),
(188, 852, 54, 1),
(189, 619, 91, 4),
(190, 761, 44, 1),
(191, 563, 34, 1),
(192, 983, 51, 3),
(193, 317, 21, 3),
(194, 52, 47, 5),
(195, 518, 56, 2),
(196, 862, 23, 1),
(197, 787, 24, 1),
(198, 48, 66, 3),
(199, 141, 65, 2),
(200, 128, 68, 5),
(201, 816, 75, 3),
(202, 624, 7, 3),
(203, 74, 64, 2),
(204, 537, 67, 4),
(205, 68, 2, 4),
(206, 734, 77, 3),
(207, 519, 11, 5),
(208, 550, 27, 4),
(209, 625, 9, 2),
(210, 604, 8, 2),
(211, 982, 55, 1),
(212, 198, 66, 4),
(213, 506, 25, 2),
(214, 338, 67, 1),
(215, 134, 8, 3),
(216, 919, 83, 3),
(217, 9, 1, 2),
(218, 237, 63, 4),
(219, 304, 41, 2),
(220, 801, 29, 5),
(221, 885, 50, 3),
(222, 148, 43, 2),
(223, 851, 53, 2),
(224, 1000, 76, 4),
(225, 573, 90, 3),
(226, 965, 3, 2),
(227, 937, 14, 3),
(228, 36, 34, 2),
(229, 667, 13, 4),
(230, 598, 96, 3),
(231, 754, 5, 2),
(232, 603, 95, 1),
(233, 699, 48, 3),
(234, 920, 88, 1),
(235, 199, 2, 4),
(236, 516, 12, 5),
(237, 842, 18, 4),
(238, 60, 24, 2),
(239, 889, 32, 3),
(240, 959, 60, 4),
(241, 923, 32, 3),
(242, 335, 6, 2),
(243, 586, 22, 1),
(244, 116, 60, 3),
(245, 239, 50, 3),
(246, 547, 81, 4),
(247, 747, 64, 5),
(248, 892, 9, 5),
(249, 102, 39, 5),
(250, 802, 22, 4),
(251, 484, 14, 4),
(252, 721, 89, 5),
(253, 747, 14, 4),
(254, 357, 78, 4),
(255, 846, 75, 5),
(256, 850, 98, 5),
(257, 604, 4, 4),
(258, 213, 73, 4),
(259, 554, 78, 2),
(260, 832, 24, 2),
(261, 961, 95, 4),
(262, 392, 50, 2),
(263, 890, 22, 1),
(264, 228, 57, 1),
(265, 428, 65, 3),
(266, 607, 27, 1),
(267, 546, 23, 2),
(268, 293, 31, 4),
(269, 285, 70, 5),
(270, 908, 31, 4),
(271, 171, 39, 2),
(272, 314, 20, 4),
(273, 800, 37, 3),
(274, 135, 32, 1),
(275, 29, 66, 3),
(276, 236, 95, 1),
(277, 542, 10, 5),
(278, 594, 3, 1),
(279, 374, 50, 5),
(280, 295, 96, 2),
(281, 666, 42, 5),
(282, 852, 47, 5),
(283, 728, 29, 2),
(284, 131, 22, 5),
(285, 276, 83, 4),
(286, 638, 12, 4),
(287, 948, 74, 1),
(288, 822, 13, 5),
(289, 299, 12, 2),
(290, 867, 43, 4),
(291, 743, 8, 4),
(292, 41, 31, 1),
(293, 47, 90, 4),
(294, 595, 8, 1),
(295, 892, 19, 4),
(296, 855, 93, 3),
(297, 859, 84, 2),
(298, 404, 44, 2),
(299, 912, 46, 5),
(300, 538, 28, 3),
(301, 784, 43, 3),
(302, 977, 80, 2),
(303, 575, 66, 4),
(304, 204, 79, 2),
(305, 282, 10, 3),
(306, 28, 7, 3),
(307, 512, 61, 3),
(308, 323, 93, 3),
(309, 578, 14, 4),
(310, 439, 14, 4),
(311, 53, 40, 2),
(312, 888, 63, 2),
(313, 240, 54, 2),
(314, 375, 61, 2),
(315, 873, 6, 3),
(316, 230, 46, 2),
(317, 344, 46, 5),
(318, 43, 5, 5),
(319, 543, 13, 2),
(320, 28, 84, 2),
(321, 306, 77, 2),
(322, 133, 64, 5),
(323, 531, 7, 4),
(324, 623, 92, 2),
(325, 965, 78, 4),
(326, 526, 33, 5),
(327, 267, 96, 2),
(328, 492, 68, 1),
(329, 556, 36, 4),
(330, 774, 69, 4),
(331, 554, 62, 4),
(332, 124, 97, 3),
(333, 62, 75, 5),
(334, 218, 28, 3),
(335, 518, 17, 5),
(336, 776, 61, 5),
(337, 930, 86, 3),
(338, 758, 24, 1),
(339, 993, 17, 4),
(340, 646, 99, 2),
(341, 384, 2, 1),
(342, 608, 47, 3),
(343, 644, 27, 4),
(344, 646, 37, 2),
(345, 575, 50, 2),
(346, 660, 43, 5),
(347, 648, 34, 5),
(348, 211, 1, 3),
(349, 827, 7, 2),
(350, 196, 41, 1),
(351, 626, 31, 3),
(352, 624, 23, 1),
(353, 285, 27, 3),
(354, 277, 41, 3),
(355, 588, 90, 4),
(356, 307, 78, 2),
(357, 359, 54, 1),
(358, 885, 78, 2),
(359, 39, 84, 2),
(360, 870, 22, 5),
(361, 919, 41, 4),
(362, 105, 77, 3),
(363, 361, 33, 2),
(364, 815, 52, 2),
(365, 740, 50, 3),
(366, 383, 66, 3),
(367, 739, 46, 4),
(368, 798, 67, 3),
(369, 73, 13, 3),
(370, 118, 76, 4),
(371, 961, 66, 4),
(372, 34, 53, 1),
(373, 888, 100, 5),
(374, 946, 72, 2),
(375, 487, 94, 1),
(376, 14, 77, 1),
(377, 963, 10, 2),
(378, 430, 88, 4),
(379, 389, 31, 1),
(380, 867, 82, 5),
(381, 210, 15, 5),
(382, 29, 77, 2),
(383, 345, 98, 1),
(384, 648, 31, 5),
(385, 773, 43, 1),
(386, 358, 97, 1),
(387, 588, 60, 1),
(388, 733, 47, 4),
(389, 761, 83, 1),
(390, 274, 58, 2),
(391, 501, 91, 3),
(392, 609, 69, 4),
(393, 953, 39, 5),
(394, 889, 99, 4),
(395, 457, 99, 1),
(396, 960, 97, 4),
(397, 195, 53, 2),
(398, 872, 80, 1),
(399, 35, 84, 3),
(400, 489, 66, 4),
(401, 794, 94, 3),
(402, 252, 24, 1),
(403, 162, 47, 4),
(404, 295, 29, 5),
(405, 100, 91, 4),
(406, 312, 59, 4),
(407, 630, 63, 1),
(408, 417, 87, 5),
(409, 112, 21, 2),
(410, 296, 39, 4),
(411, 610, 78, 4),
(412, 948, 53, 4),
(413, 541, 62, 4),
(414, 110, 42, 4),
(415, 558, 76, 2),
(416, 689, 21, 3),
(417, 397, 45, 5),
(418, 384, 28, 4),
(419, 565, 90, 5),
(420, 319, 17, 2),
(421, 247, 76, 2),
(422, 319, 40, 4),
(423, 245, 96, 2),
(424, 746, 44, 5),
(425, 337, 39, 5),
(426, 821, 64, 3),
(427, 556, 59, 2),
(428, 128, 17, 1),
(429, 245, 56, 3),
(430, 623, 87, 5),
(431, 691, 65, 1),
(432, 437, 37, 4),
(433, 664, 98, 3),
(434, 432, 72, 5),
(435, 430, 89, 3),
(436, 569, 61, 3),
(437, 609, 39, 3),
(438, 632, 59, 3),
(439, 897, 95, 1),
(440, 830, 52, 3),
(441, 180, 61, 5),
(442, 351, 26, 3),
(443, 737, 86, 2),
(444, 437, 8, 2),
(445, 60, 99, 3),
(446, 76, 39, 4),
(447, 340, 92, 4),
(448, 955, 75, 5),
(449, 105, 90, 3),
(450, 695, 36, 4),
(451, 417, 36, 3),
(452, 891, 49, 1),
(453, 275, 97, 2),
(454, 167, 25, 5),
(455, 699, 10, 1),
(456, 752, 8, 4),
(457, 185, 85, 3),
(458, 292, 34, 3),
(459, 388, 73, 4),
(460, 140, 18, 4),
(461, 174, 21, 4),
(462, 167, 4, 1),
(463, 396, 84, 4),
(464, 962, 90, 5),
(465, 219, 40, 2),
(466, 659, 78, 3),
(467, 396, 6, 5),
(468, 313, 73, 3),
(469, 395, 9, 2),
(470, 244, 17, 1),
(471, 566, 25, 1),
(472, 525, 8, 1),
(473, 160, 94, 3),
(474, 914, 2, 4),
(475, 92, 81, 1),
(476, 412, 48, 3),
(477, 130, 94, 2),
(478, 594, 91, 5),
(479, 927, 64, 4),
(480, 300, 9, 2),
(481, 190, 57, 4),
(482, 232, 15, 4),
(483, 271, 26, 5),
(484, 174, 5, 2),
(485, 895, 13, 2),
(486, 687, 16, 2),
(487, 435, 20, 3),
(488, 47, 92, 1),
(489, 183, 23, 4),
(490, 637, 19, 3),
(491, 817, 93, 1),
(492, 173, 23, 4),
(493, 623, 79, 3),
(494, 439, 44, 3),
(495, 276, 63, 1),
(496, 109, 65, 5),
(497, 687, 5, 2),
(498, 381, 94, 5),
(499, 151, 47, 1),
(500, 14, 40, 4),
(501, 551, 13, 2),
(502, 656, 44, 3),
(503, 732, 32, 5),
(504, 499, 65, 2),
(505, 921, 56, 4),
(506, 715, 88, 3),
(507, 94, 32, 3),
(508, 893, 94, 1),
(509, 163, 51, 4),
(510, 596, 54, 2),
(511, 504, 39, 5),
(512, 730, 91, 3),
(513, 913, 10, 5),
(514, 866, 7, 3),
(515, 866, 39, 1),
(516, 441, 51, 3),
(517, 97, 43, 2),
(518, 699, 48, 3),
(519, 814, 77, 1),
(520, 395, 14, 5),
(521, 712, 51, 3),
(522, 734, 7, 5),
(523, 398, 56, 5),
(524, 782, 41, 2),
(525, 801, 91, 1),
(526, 933, 14, 2),
(527, 950, 36, 4),
(528, 841, 100, 4),
(529, 607, 64, 5),
(530, 41, 7, 3),
(531, 604, 13, 2),
(532, 175, 34, 1),
(533, 908, 42, 2),
(534, 663, 12, 2),
(535, 752, 54, 2),
(536, 338, 25, 3),
(537, 747, 70, 2),
(538, 168, 37, 1),
(539, 58, 86, 3),
(540, 920, 38, 4),
(541, 737, 5, 1),
(542, 793, 37, 4),
(543, 48, 86, 5),
(544, 349, 59, 1),
(545, 328, 3, 5),
(546, 5, 53, 2),
(547, 272, 12, 2),
(548, 771, 8, 4),
(549, 754, 24, 3),
(550, 828, 84, 5),
(551, 458, 65, 4),
(552, 5, 26, 4),
(553, 669, 19, 3),
(554, 148, 85, 2),
(555, 369, 26, 4),
(556, 887, 29, 3),
(557, 481, 12, 4),
(558, 476, 90, 1),
(559, 287, 65, 3),
(560, 704, 47, 5),
(561, 569, 40, 1),
(562, 452, 32, 4),
(563, 81, 63, 2),
(564, 812, 91, 2),
(565, 775, 37, 4),
(566, 208, 97, 3),
(567, 7, 66, 1),
(568, 284, 91, 5),
(569, 863, 42, 4),
(570, 446, 48, 1),
(571, 29, 92, 5),
(572, 313, 20, 1),
(573, 218, 11, 4),
(574, 711, 4, 4),
(575, 563, 11, 2),
(576, 420, 50, 3),
(577, 206, 20, 1),
(578, 4, 5, 5),
(579, 523, 19, 3),
(580, 284, 40, 3),
(581, 494, 71, 1),
(582, 129, 47, 4),
(583, 453, 27, 5),
(584, 342, 16, 4),
(585, 379, 11, 5),
(586, 393, 82, 4),
(587, 163, 38, 4),
(588, 567, 22, 3),
(589, 21, 5, 3),
(590, 52, 28, 5),
(591, 669, 54, 2),
(592, 866, 79, 1),
(593, 719, 67, 2),
(594, 277, 72, 2),
(595, 278, 13, 3),
(596, 142, 43, 2),
(597, 260, 98, 1),
(598, 890, 42, 5),
(599, 304, 96, 2),
(600, 997, 62, 3),
(601, 310, 30, 2),
(602, 604, 84, 1),
(603, 788, 86, 2),
(604, 746, 5, 3),
(605, 114, 43, 2),
(606, 52, 67, 4),
(607, 320, 92, 3),
(608, 904, 2, 1),
(609, 624, 51, 1),
(610, 630, 60, 5),
(611, 67, 10, 1),
(612, 899, 67, 1),
(613, 38, 3, 3),
(614, 337, 12, 1),
(615, 319, 69, 2),
(616, 204, 22, 2),
(617, 761, 72, 3),
(618, 364, 48, 5),
(619, 62, 5, 2),
(620, 614, 89, 4),
(621, 537, 88, 1),
(622, 171, 51, 5),
(623, 317, 81, 5),
(624, 139, 96, 1),
(625, 122, 30, 1),
(626, 869, 91, 3),
(627, 662, 84, 2),
(628, 194, 71, 5),
(629, 104, 96, 2),
(630, 203, 32, 1),
(631, 685, 41, 3),
(632, 839, 69, 2),
(633, 664, 83, 2),
(634, 418, 93, 3),
(635, 265, 7, 2),
(636, 113, 43, 4),
(637, 173, 2, 4),
(638, 465, 32, 1),
(639, 260, 84, 4),
(640, 147, 77, 1),
(641, 327, 10, 5),
(642, 497, 31, 5),
(643, 510, 17, 2),
(644, 905, 83, 5),
(645, 461, 68, 5),
(646, 955, 10, 4),
(647, 357, 51, 2),
(648, 338, 58, 4),
(649, 250, 73, 3),
(650, 683, 45, 5),
(651, 700, 55, 4),
(652, 922, 18, 2),
(653, 567, 41, 1),
(654, 806, 18, 3),
(655, 916, 46, 2),
(656, 825, 51, 4),
(657, 835, 79, 5),
(658, 856, 3, 2),
(659, 598, 36, 3),
(660, 462, 80, 2),
(661, 461, 22, 5),
(662, 360, 18, 2),
(663, 525, 100, 4),
(664, 931, 30, 5),
(665, 404, 56, 3),
(666, 608, 19, 4),
(667, 114, 29, 2),
(668, 373, 81, 5),
(669, 267, 73, 3),
(670, 627, 7, 3),
(671, 764, 48, 3),
(672, 199, 53, 1),
(673, 896, 33, 4),
(674, 510, 89, 2),
(675, 398, 97, 2),
(676, 787, 81, 1),
(677, 47, 90, 3),
(678, 224, 72, 2),
(679, 479, 48, 3),
(680, 833, 34, 5),
(681, 799, 64, 4),
(682, 332, 80, 2),
(683, 946, 98, 5),
(684, 627, 44, 1),
(685, 370, 5, 5),
(686, 922, 79, 4),
(687, 542, 42, 3),
(688, 836, 41, 4),
(689, 960, 8, 1),
(690, 903, 67, 4),
(691, 61, 87, 5),
(692, 358, 37, 2),
(693, 168, 36, 2),
(694, 899, 13, 4),
(695, 322, 73, 2),
(696, 651, 11, 4),
(697, 968, 51, 4),
(698, 572, 82, 3),
(699, 508, 45, 1),
(700, 832, 56, 5),
(701, 180, 32, 3),
(702, 489, 1, 3),
(703, 848, 4, 1),
(704, 475, 43, 5),
(705, 836, 28, 3),
(706, 609, 11, 1),
(707, 470, 50, 3),
(708, 539, 50, 1),
(709, 819, 44, 3),
(710, 908, 64, 2),
(711, 424, 31, 2),
(712, 274, 54, 4),
(713, 479, 44, 2),
(714, 306, 10, 1),
(715, 570, 7, 2),
(716, 163, 64, 3),
(717, 907, 9, 5),
(718, 632, 25, 3),
(719, 755, 40, 5),
(720, 294, 80, 3),
(721, 41, 28, 4),
(722, 732, 27, 1),
(723, 552, 23, 3),
(724, 621, 22, 4),
(725, 683, 77, 3),
(726, 797, 63, 5),
(727, 431, 20, 2),
(728, 4, 80, 1),
(729, 547, 54, 3),
(730, 818, 4, 1),
(731, 832, 40, 5),
(732, 505, 18, 2),
(733, 419, 96, 1),
(734, 532, 85, 3),
(735, 833, 6, 5),
(736, 640, 81, 2),
(737, 425, 39, 2),
(738, 335, 10, 3),
(739, 355, 52, 5),
(740, 935, 86, 3),
(741, 477, 68, 1),
(742, 299, 81, 3),
(743, 117, 75, 5),
(744, 70, 8, 3),
(745, 931, 100, 1),
(746, 361, 39, 3),
(747, 662, 15, 5),
(748, 263, 95, 3),
(749, 178, 83, 1),
(750, 12, 18, 4),
(751, 713, 71, 3),
(752, 207, 80, 1),
(753, 508, 74, 5),
(754, 50, 39, 5),
(755, 196, 62, 2),
(756, 193, 99, 1),
(757, 485, 31, 3),
(758, 998, 64, 3),
(759, 238, 87, 2),
(760, 136, 74, 5),
(761, 706, 16, 3),
(762, 579, 97, 4),
(763, 648, 14, 3),
(764, 411, 91, 1),
(765, 812, 66, 5),
(766, 336, 24, 2),
(767, 994, 98, 4),
(768, 939, 85, 1),
(769, 568, 29, 2),
(770, 44, 72, 4),
(771, 660, 40, 2),
(772, 767, 60, 4),
(773, 644, 4, 5),
(774, 758, 53, 1),
(775, 223, 89, 5),
(776, 913, 50, 5),
(777, 447, 76, 1),
(778, 136, 22, 2),
(779, 709, 13, 4),
(780, 125, 45, 4),
(781, 484, 82, 4),
(782, 265, 42, 5),
(783, 903, 15, 4),
(784, 820, 8, 1),
(785, 616, 2, 3),
(786, 144, 49, 4),
(787, 897, 88, 1),
(788, 88, 32, 3),
(789, 789, 33, 1),
(790, 456, 38, 1),
(791, 248, 71, 1),
(792, 166, 33, 3),
(793, 430, 58, 5),
(794, 131, 84, 2),
(795, 940, 24, 2),
(796, 91, 12, 1),
(797, 109, 92, 1),
(798, 490, 18, 2),
(799, 347, 38, 4),
(800, 628, 77, 2),
(801, 284, 45, 3),
(802, 409, 97, 1),
(803, 961, 95, 5),
(804, 355, 50, 5),
(805, 555, 9, 5),
(806, 30, 4, 2),
(807, 494, 36, 2),
(808, 38, 96, 3),
(809, 808, 97, 1),
(810, 167, 65, 1),
(811, 213, 92, 5),
(812, 306, 85, 5),
(813, 110, 39, 3),
(814, 36, 11, 3),
(815, 862, 82, 4),
(816, 529, 4, 4),
(817, 478, 64, 1),
(818, 35, 90, 5),
(819, 983, 15, 3),
(820, 757, 63, 2),
(821, 258, 92, 1),
(822, 542, 92, 5),
(823, 528, 35, 2),
(824, 141, 71, 2),
(825, 253, 42, 1),
(826, 268, 32, 1),
(827, 808, 65, 4),
(828, 555, 38, 1),
(829, 8, 39, 1),
(830, 884, 77, 2),
(831, 417, 62, 2),
(832, 899, 98, 2),
(833, 299, 37, 4),
(834, 220, 13, 1),
(835, 708, 4, 5),
(836, 324, 16, 4),
(837, 81, 88, 1),
(838, 249, 54, 3),
(839, 277, 58, 2),
(840, 122, 92, 2),
(841, 150, 24, 1),
(842, 870, 43, 4),
(843, 424, 2, 3),
(844, 645, 21, 2),
(845, 195, 43, 4),
(846, 608, 65, 1),
(847, 79, 42, 5),
(848, 621, 94, 3),
(849, 1000, 10, 4),
(850, 944, 4, 3),
(851, 2, 75, 5),
(852, 921, 9, 4),
(853, 646, 25, 5),
(854, 598, 73, 5),
(855, 664, 79, 1),
(856, 334, 26, 4),
(857, 955, 76, 4),
(858, 732, 14, 2),
(859, 329, 56, 2),
(860, 190, 18, 5),
(861, 96, 77, 3),
(862, 413, 28, 4),
(863, 169, 97, 2),
(864, 892, 17, 4),
(865, 516, 40, 2),
(866, 475, 58, 3),
(867, 410, 11, 1),
(868, 774, 14, 3),
(869, 479, 80, 4),
(870, 499, 95, 3),
(871, 53, 86, 2),
(872, 928, 8, 1),
(873, 105, 91, 3),
(874, 566, 64, 4),
(875, 522, 48, 2),
(876, 127, 88, 4),
(877, 950, 96, 3),
(878, 292, 25, 1),
(879, 126, 16, 4),
(880, 744, 45, 2),
(881, 890, 3, 3),
(882, 365, 73, 2),
(883, 342, 81, 1),
(884, 733, 36, 5),
(885, 869, 47, 1),
(886, 242, 19, 4),
(887, 652, 2, 2),
(888, 302, 49, 4),
(889, 626, 9, 1),
(890, 765, 85, 4),
(891, 285, 50, 5),
(892, 513, 32, 3),
(893, 974, 16, 1),
(894, 231, 59, 2),
(895, 964, 95, 3),
(896, 933, 24, 3),
(897, 683, 81, 3),
(898, 305, 28, 2),
(899, 562, 51, 1),
(900, 499, 52, 1),
(901, 412, 80, 1),
(902, 306, 29, 1),
(903, 864, 61, 3),
(904, 781, 4, 2),
(905, 738, 75, 4),
(906, 328, 55, 4),
(907, 692, 60, 5),
(908, 703, 93, 5),
(909, 289, 70, 1),
(910, 74, 8, 5),
(911, 437, 97, 5),
(912, 838, 51, 2),
(913, 26, 85, 5),
(914, 593, 39, 2),
(915, 336, 87, 3),
(916, 330, 34, 5),
(917, 285, 58, 1),
(918, 249, 74, 4),
(919, 198, 98, 4),
(920, 937, 51, 2),
(921, 954, 39, 2),
(922, 351, 100, 3),
(923, 21, 81, 2),
(924, 68, 34, 4),
(925, 384, 37, 3),
(926, 826, 56, 4),
(927, 817, 61, 5),
(928, 643, 37, 4),
(929, 951, 84, 1),
(930, 74, 97, 2),
(931, 63, 81, 2),
(932, 89, 68, 4),
(933, 62, 96, 2),
(934, 655, 58, 3),
(935, 702, 24, 4),
(936, 155, 50, 4),
(937, 717, 10, 5),
(938, 104, 24, 1),
(939, 70, 73, 1),
(940, 371, 1, 4),
(941, 476, 43, 3),
(942, 921, 70, 4),
(943, 358, 5, 4),
(944, 165, 8, 5),
(945, 982, 100, 3),
(946, 64, 27, 4),
(947, 262, 36, 3),
(948, 387, 7, 5),
(949, 133, 12, 1),
(950, 882, 93, 1),
(951, 915, 58, 1),
(952, 135, 2, 1),
(953, 550, 57, 1),
(954, 487, 77, 2),
(955, 69, 88, 2),
(956, 102, 94, 4),
(957, 490, 13, 2),
(958, 815, 74, 3),
(959, 878, 52, 3),
(960, 798, 62, 5),
(961, 547, 58, 4),
(962, 847, 18, 4),
(963, 543, 53, 3),
(964, 619, 82, 3),
(965, 357, 81, 4),
(966, 157, 30, 5),
(967, 55, 6, 5),
(968, 245, 58, 2),
(969, 512, 9, 2),
(970, 957, 90, 3),
(971, 774, 40, 3),
(972, 773, 50, 2),
(973, 229, 7, 4),
(974, 372, 74, 5),
(975, 498, 67, 4),
(976, 859, 9, 5),
(977, 576, 20, 2),
(978, 311, 4, 3),
(979, 325, 29, 3),
(980, 984, 53, 4),
(981, 894, 11, 2),
(982, 813, 81, 3),
(983, 364, 25, 3),
(984, 760, 35, 2),
(985, 297, 6, 4),
(986, 884, 10, 5),
(987, 21, 78, 5),
(988, 779, 13, 4),
(989, 707, 1, 5),
(990, 772, 71, 1),
(991, 109, 29, 3),
(992, 164, 51, 2),
(993, 432, 91, 1),
(994, 311, 92, 1),
(995, 791, 7, 1),
(996, 642, 67, 4),
(997, 496, 95, 4),
(998, 304, 76, 2),
(999, 635, 69, 4),
(1000, 193, 41, 1),
(1001, 275, 84, 3),
(1002, 648, 28, 5),
(1003, 124, 5, 1),
(1004, 467, 31, 3),
(1005, 909, 25, 1),
(1006, 111, 67, 4),
(1007, 351, 61, 1),
(1008, 461, 76, 4),
(1009, 221, 55, 3),
(1010, 335, 51, 5),
(1011, 505, 38, 5),
(1012, 706, 53, 4),
(1013, 543, 15, 3),
(1014, 562, 44, 1),
(1015, 971, 53, 3),
(1016, 303, 4, 1),
(1017, 506, 36, 2),
(1018, 936, 54, 3),
(1019, 520, 50, 5),
(1020, 410, 61, 5),
(1021, 709, 25, 3),
(1022, 50, 35, 1),
(1023, 124, 73, 5),
(1024, 928, 37, 4),
(1025, 885, 4, 1),
(1026, 359, 6, 2),
(1027, 288, 63, 3),
(1028, 7, 87, 2),
(1029, 870, 70, 3),
(1030, 761, 91, 5),
(1031, 958, 21, 5),
(1032, 437, 34, 5),
(1033, 486, 58, 4),
(1034, 181, 40, 4),
(1035, 370, 86, 4),
(1036, 497, 95, 3),
(1037, 309, 72, 2),
(1038, 60, 32, 5),
(1039, 860, 94, 3),
(1040, 488, 84, 1),
(1041, 222, 73, 4),
(1042, 86, 87, 2),
(1043, 124, 47, 5),
(1044, 444, 84, 2),
(1045, 890, 20, 4),
(1046, 37, 74, 1),
(1047, 623, 51, 1),
(1048, 20, 3, 2),
(1049, 176, 68, 1),
(1050, 5, 100, 3),
(1051, 809, 51, 5),
(1052, 978, 84, 4),
(1053, 81, 28, 1),
(1054, 575, 36, 3),
(1055, 756, 94, 2),
(1056, 64, 45, 1),
(1057, 974, 52, 3),
(1058, 652, 36, 1),
(1059, 676, 8, 4),
(1060, 999, 88, 2),
(1061, 515, 81, 1),
(1062, 633, 14, 3),
(1063, 199, 71, 1),
(1064, 157, 69, 1),
(1065, 256, 93, 2),
(1066, 52, 1, 3),
(1067, 355, 37, 4),
(1068, 488, 8, 1),
(1069, 957, 65, 1),
(1070, 160, 77, 3),
(1071, 454, 7, 5),
(1072, 143, 33, 5),
(1073, 556, 82, 2),
(1074, 625, 61, 1),
(1075, 508, 20, 4),
(1076, 214, 56, 2),
(1077, 610, 15, 2),
(1078, 217, 90, 3),
(1079, 895, 27, 3),
(1080, 963, 62, 4),
(1081, 123, 25, 3),
(1082, 830, 22, 4),
(1083, 198, 88, 4),
(1084, 568, 59, 1),
(1085, 998, 88, 5),
(1086, 446, 15, 2),
(1087, 522, 86, 1),
(1088, 893, 90, 4),
(1089, 388, 80, 1),
(1090, 548, 29, 5),
(1091, 205, 14, 2),
(1092, 821, 47, 1),
(1093, 515, 43, 4),
(1094, 290, 58, 4),
(1095, 198, 79, 5),
(1096, 345, 80, 3),
(1097, 103, 1, 3),
(1098, 480, 50, 4),
(1099, 485, 9, 2),
(1100, 226, 61, 3),
(1101, 558, 94, 2),
(1102, 803, 7, 5),
(1103, 442, 11, 1),
(1104, 183, 44, 3),
(1105, 272, 70, 5),
(1106, 276, 84, 5),
(1107, 689, 26, 4),
(1108, 499, 68, 5),
(1109, 881, 17, 3),
(1110, 571, 70, 3),
(1111, 755, 76, 4),
(1112, 474, 8, 2),
(1113, 506, 7, 3),
(1114, 581, 96, 5),
(1115, 543, 77, 4),
(1116, 674, 22, 3),
(1117, 821, 91, 1),
(1118, 27, 31, 5),
(1119, 615, 98, 5),
(1120, 554, 11, 5),
(1121, 124, 65, 3),
(1122, 416, 72, 4),
(1123, 548, 74, 5),
(1124, 981, 50, 1),
(1125, 507, 23, 2),
(1126, 700, 55, 3),
(1127, 308, 96, 5),
(1128, 897, 22, 1),
(1129, 60, 78, 5),
(1130, 892, 26, 1),
(1131, 728, 14, 2),
(1132, 855, 56, 4),
(1133, 666, 53, 1),
(1134, 603, 62, 1),
(1135, 802, 54, 5),
(1136, 670, 23, 5),
(1137, 30, 79, 5),
(1138, 62, 88, 5),
(1139, 77, 18, 3),
(1140, 566, 7, 1),
(1141, 616, 91, 5),
(1142, 823, 42, 4),
(1143, 258, 85, 5),
(1144, 703, 25, 5),
(1145, 508, 24, 4),
(1146, 528, 79, 1),
(1147, 44, 83, 4),
(1148, 917, 52, 2),
(1149, 890, 23, 3),
(1150, 105, 72, 3),
(1151, 592, 47, 1),
(1152, 711, 24, 2),
(1153, 785, 57, 2),
(1154, 222, 85, 1),
(1155, 917, 13, 2),
(1156, 755, 33, 5),
(1157, 731, 65, 5),
(1158, 761, 32, 5),
(1159, 345, 88, 4),
(1160, 626, 20, 4),
(1161, 730, 54, 3),
(1162, 125, 36, 5),
(1163, 798, 86, 3),
(1164, 226, 38, 5),
(1165, 690, 13, 5),
(1166, 863, 72, 3),
(1167, 392, 35, 3),
(1168, 262, 93, 3),
(1169, 695, 75, 2),
(1170, 879, 13, 2),
(1171, 685, 6, 3),
(1172, 309, 18, 2),
(1173, 416, 40, 5),
(1174, 940, 3, 3),
(1175, 379, 10, 1),
(1176, 494, 50, 1),
(1177, 970, 77, 3),
(1178, 531, 27, 1),
(1179, 946, 33, 2),
(1180, 720, 97, 2),
(1181, 703, 69, 4),
(1182, 591, 90, 4),
(1183, 419, 30, 3),
(1184, 667, 17, 5),
(1185, 485, 99, 1),
(1186, 671, 40, 2),
(1187, 8, 79, 3),
(1188, 729, 7, 2),
(1189, 663, 32, 3),
(1190, 361, 25, 5),
(1191, 814, 86, 5),
(1192, 149, 73, 2),
(1193, 833, 99, 1),
(1194, 235, 32, 5),
(1195, 972, 64, 1),
(1196, 883, 88, 5),
(1197, 221, 24, 3),
(1198, 32, 42, 3),
(1199, 908, 41, 3),
(1200, 768, 54, 1),
(1201, 507, 11, 2),
(1202, 469, 1, 1),
(1203, 176, 73, 5),
(1204, 431, 21, 5),
(1205, 897, 83, 4),
(1206, 222, 93, 3),
(1207, 355, 58, 2),
(1208, 944, 99, 4),
(1209, 125, 62, 4),
(1210, 579, 56, 2),
(1211, 687, 48, 5),
(1212, 437, 31, 3),
(1213, 118, 31, 4),
(1214, 43, 46, 3),
(1215, 207, 18, 5),
(1216, 579, 84, 4),
(1217, 164, 75, 5),
(1218, 670, 7, 5),
(1219, 525, 76, 5),
(1220, 751, 40, 3),
(1221, 707, 42, 1),
(1222, 439, 80, 4),
(1223, 875, 96, 4),
(1224, 49, 55, 5),
(1225, 839, 55, 4),
(1226, 23, 28, 2),
(1227, 362, 49, 3),
(1228, 199, 86, 3),
(1229, 758, 20, 1),
(1230, 332, 91, 4),
(1231, 708, 3, 5),
(1232, 6, 58, 5),
(1233, 516, 1, 1),
(1234, 389, 65, 2),
(1235, 379, 13, 3),
(1236, 336, 3, 2),
(1237, 612, 43, 1),
(1238, 478, 100, 3),
(1239, 616, 40, 3),
(1240, 465, 39, 1),
(1241, 425, 57, 2),
(1242, 916, 69, 1),
(1243, 629, 61, 5),
(1244, 289, 75, 1),
(1245, 196, 7, 4),
(1246, 224, 14, 3),
(1247, 823, 86, 3),
(1248, 938, 49, 1),
(1249, 518, 80, 3),
(1250, 795, 67, 3),
(1251, 564, 77, 1),
(1252, 981, 65, 1),
(1253, 810, 32, 3),
(1254, 162, 94, 3),
(1255, 777, 71, 2),
(1256, 723, 13, 5),
(1257, 785, 41, 1),
(1258, 912, 41, 4),
(1259, 621, 4, 3),
(1260, 716, 60, 5),
(1261, 72, 10, 5),
(1262, 53, 45, 5),
(1263, 276, 26, 2),
(1264, 956, 69, 1),
(1265, 9, 13, 1),
(1266, 943, 56, 4),
(1267, 732, 4, 5),
(1268, 796, 76, 5),
(1269, 535, 91, 4),
(1270, 830, 16, 1),
(1271, 136, 7, 4),
(1272, 967, 5, 1),
(1273, 928, 53, 5),
(1274, 747, 22, 4),
(1275, 704, 70, 1),
(1276, 270, 64, 4),
(1277, 545, 86, 2),
(1278, 668, 4, 4),
(1279, 623, 32, 3),
(1280, 333, 19, 1),
(1281, 497, 22, 1),
(1282, 276, 27, 4),
(1283, 1000, 34, 5),
(1284, 375, 51, 1),
(1285, 365, 37, 4),
(1286, 383, 56, 2),
(1287, 182, 39, 4),
(1288, 100, 52, 3),
(1289, 257, 64, 3),
(1290, 370, 62, 3),
(1291, 772, 65, 4),
(1292, 875, 17, 3),
(1293, 825, 71, 2),
(1294, 333, 64, 1),
(1295, 517, 97, 1),
(1296, 60, 49, 1),
(1297, 508, 9, 2),
(1298, 584, 47, 2),
(1299, 99, 94, 3),
(1300, 221, 68, 5),
(1301, 262, 76, 3),
(1302, 820, 47, 5),
(1303, 287, 28, 3),
(1304, 52, 54, 4),
(1305, 157, 85, 3),
(1306, 166, 5, 3),
(1307, 18, 65, 2),
(1308, 846, 68, 2),
(1309, 988, 35, 5),
(1310, 526, 33, 4),
(1311, 986, 42, 5),
(1312, 991, 58, 1),
(1313, 149, 32, 2),
(1314, 5, 36, 3),
(1315, 520, 64, 1),
(1316, 956, 55, 1),
(1317, 141, 50, 4),
(1318, 3, 91, 4),
(1319, 258, 37, 3),
(1320, 940, 82, 4),
(1321, 277, 71, 4),
(1322, 329, 14, 2),
(1323, 427, 2, 4),
(1324, 259, 89, 4),
(1325, 99, 81, 3),
(1326, 327, 57, 3),
(1327, 57, 69, 1),
(1328, 619, 82, 1),
(1329, 692, 45, 1),
(1330, 353, 43, 4),
(1331, 914, 24, 2),
(1332, 950, 95, 3),
(1333, 844, 12, 5),
(1334, 550, 77, 4),
(1335, 891, 93, 2),
(1336, 442, 92, 1),
(1337, 485, 56, 1),
(1338, 329, 46, 2),
(1339, 472, 24, 2),
(1340, 990, 38, 5),
(1341, 539, 69, 1),
(1342, 807, 47, 5),
(1343, 984, 60, 1),
(1344, 824, 92, 4),
(1345, 425, 61, 2),
(1346, 389, 45, 2),
(1347, 74, 35, 4),
(1348, 270, 67, 4),
(1349, 837, 42, 3),
(1350, 828, 31, 2),
(1351, 763, 14, 5),
(1352, 482, 11, 2),
(1353, 940, 37, 5),
(1354, 801, 39, 3),
(1355, 149, 24, 2),
(1356, 699, 89, 3),
(1357, 324, 48, 3),
(1358, 669, 65, 1),
(1359, 209, 28, 5),
(1360, 86, 8, 5),
(1361, 602, 96, 1),
(1362, 992, 71, 4),
(1363, 113, 73, 1),
(1364, 691, 64, 5),
(1365, 236, 88, 4),
(1366, 171, 83, 2),
(1367, 287, 20, 1),
(1368, 107, 52, 4),
(1369, 447, 21, 4),
(1370, 853, 51, 3),
(1371, 784, 62, 2),
(1372, 921, 67, 5),
(1373, 336, 50, 5),
(1374, 770, 90, 2),
(1375, 473, 70, 2),
(1376, 95, 19, 2),
(1377, 261, 92, 1),
(1378, 445, 27, 4),
(1379, 915, 53, 2),
(1380, 360, 33, 2),
(1381, 836, 25, 1),
(1382, 955, 70, 2),
(1383, 993, 8, 1),
(1384, 917, 46, 5),
(1385, 509, 37, 5),
(1386, 12, 7, 1),
(1387, 283, 76, 1),
(1388, 811, 81, 4),
(1389, 468, 97, 5),
(1390, 614, 21, 1),
(1391, 648, 72, 5),
(1392, 94, 18, 1),
(1393, 236, 44, 1),
(1394, 146, 21, 4),
(1395, 440, 99, 4),
(1396, 497, 44, 2),
(1397, 151, 3, 4),
(1398, 542, 78, 3),
(1399, 459, 48, 4),
(1400, 641, 38, 4),
(1401, 535, 87, 3),
(1402, 35, 91, 1),
(1403, 383, 31, 5),
(1404, 860, 54, 1),
(1405, 265, 9, 1),
(1406, 546, 76, 3),
(1407, 916, 95, 4),
(1408, 419, 89, 5),
(1409, 943, 73, 5),
(1410, 480, 85, 2),
(1411, 33, 76, 5),
(1412, 599, 18, 4),
(1413, 44, 77, 1),
(1414, 183, 9, 4),
(1415, 679, 24, 4),
(1416, 806, 60, 1),
(1417, 301, 63, 1),
(1418, 999, 73, 3),
(1419, 465, 88, 4),
(1420, 1000, 50, 5),
(1421, 458, 89, 4),
(1422, 909, 67, 1),
(1423, 226, 59, 3),
(1424, 466, 20, 1),
(1425, 773, 28, 5),
(1426, 926, 18, 2),
(1427, 364, 64, 4),
(1428, 289, 14, 4),
(1429, 806, 79, 4),
(1430, 312, 22, 5),
(1431, 656, 95, 1),
(1432, 658, 26, 1),
(1433, 443, 52, 1),
(1434, 604, 98, 4),
(1435, 971, 28, 1),
(1436, 934, 33, 3),
(1437, 801, 47, 3),
(1438, 525, 75, 4),
(1439, 655, 35, 5),
(1440, 949, 70, 3),
(1441, 820, 49, 5),
(1442, 304, 44, 5),
(1443, 725, 53, 2),
(1444, 895, 31, 3),
(1445, 377, 6, 3),
(1446, 242, 49, 1),
(1447, 820, 96, 4),
(1448, 812, 30, 3),
(1449, 931, 41, 3),
(1450, 535, 18, 4),
(1451, 274, 49, 2),
(1452, 995, 77, 1),
(1453, 3, 77, 4),
(1454, 582, 54, 5),
(1455, 352, 99, 5),
(1456, 424, 75, 4),
(1457, 141, 6, 4),
(1458, 998, 62, 2),
(1459, 697, 4, 4),
(1460, 606, 75, 5),
(1461, 675, 82, 3),
(1462, 62, 87, 4),
(1463, 993, 71, 1),
(1464, 64, 55, 2),
(1465, 577, 94, 4),
(1466, 599, 5, 2),
(1467, 108, 18, 3),
(1468, 713, 8, 3),
(1469, 86, 80, 3),
(1470, 218, 43, 4),
(1471, 52, 45, 1),
(1472, 155, 52, 5),
(1473, 815, 34, 4),
(1474, 525, 59, 3),
(1475, 232, 19, 5),
(1476, 980, 38, 1),
(1477, 666, 56, 5),
(1478, 623, 33, 1),
(1479, 582, 99, 1),
(1480, 781, 91, 2),
(1481, 744, 29, 4),
(1482, 43, 4, 3),
(1483, 781, 21, 5),
(1484, 413, 14, 3),
(1485, 276, 12, 3),
(1486, 619, 53, 5),
(1487, 292, 5, 3),
(1488, 810, 89, 3),
(1489, 265, 53, 4),
(1490, 374, 34, 3),
(1491, 850, 59, 3),
(1492, 408, 38, 5),
(1493, 851, 62, 3),
(1494, 820, 10, 5),
(1495, 707, 88, 2),
(1496, 763, 5, 4),
(1497, 425, 17, 4),
(1498, 531, 37, 1),
(1499, 890, 28, 1),
(1500, 440, 39, 3),
(1501, 279, 15, 2),
(1502, 111, 55, 1),
(1503, 246, 54, 1),
(1504, 968, 29, 4),
(1505, 381, 64, 1),
(1506, 344, 19, 3),
(1507, 292, 22, 2),
(1508, 618, 21, 3),
(1509, 962, 89, 2),
(1510, 502, 57, 2),
(1511, 96, 6, 2),
(1512, 361, 58, 2),
(1513, 316, 32, 2),
(1514, 979, 95, 2),
(1515, 826, 10, 5),
(1516, 769, 89, 5),
(1517, 659, 77, 3),
(1518, 810, 33, 4),
(1519, 850, 53, 1),
(1520, 743, 46, 1),
(1521, 553, 51, 4),
(1522, 406, 62, 1),
(1523, 165, 57, 2),
(1524, 716, 37, 4),
(1525, 191, 7, 2),
(1526, 6, 54, 2),
(1527, 207, 48, 3),
(1528, 879, 60, 5),
(1529, 389, 35, 1),
(1530, 985, 57, 2),
(1531, 782, 49, 5),
(1532, 846, 87, 5),
(1533, 743, 90, 4),
(1534, 765, 36, 2),
(1535, 121, 22, 1),
(1536, 245, 56, 3),
(1537, 611, 65, 2),
(1538, 466, 96, 1),
(1539, 9, 88, 4),
(1540, 275, 51, 5),
(1541, 777, 74, 1),
(1542, 529, 26, 2),
(1543, 559, 62, 2),
(1544, 794, 91, 3),
(1545, 713, 46, 3),
(1546, 592, 99, 2),
(1547, 519, 88, 4),
(1548, 684, 32, 5),
(1549, 914, 99, 3),
(1550, 563, 95, 2),
(1551, 324, 48, 5),
(1552, 924, 31, 1),
(1553, 301, 61, 4),
(1554, 593, 83, 2),
(1555, 116, 90, 1),
(1556, 455, 24, 5),
(1557, 872, 92, 2),
(1558, 920, 95, 3),
(1559, 736, 98, 3),
(1560, 604, 98, 3),
(1561, 886, 71, 4),
(1562, 893, 34, 1),
(1563, 440, 27, 5),
(1564, 331, 96, 2),
(1565, 68, 25, 3),
(1566, 355, 76, 2),
(1567, 912, 16, 1),
(1568, 163, 40, 3),
(1569, 719, 15, 1),
(1570, 584, 15, 3),
(1571, 415, 66, 3),
(1572, 673, 95, 4),
(1573, 503, 22, 2),
(1574, 239, 69, 2),
(1575, 971, 17, 5),
(1576, 55, 53, 4),
(1577, 902, 4, 3),
(1578, 260, 37, 4),
(1579, 69, 57, 1),
(1580, 605, 36, 5),
(1581, 502, 88, 2),
(1582, 300, 90, 1),
(1583, 726, 45, 5),
(1584, 481, 54, 4),
(1585, 206, 21, 5),
(1586, 283, 84, 4),
(1587, 997, 12, 3),
(1588, 290, 10, 5),
(1589, 685, 51, 1),
(1590, 251, 29, 3),
(1591, 213, 24, 4),
(1592, 345, 84, 5),
(1593, 937, 32, 5),
(1594, 220, 60, 1),
(1595, 661, 45, 3),
(1596, 82, 23, 3),
(1597, 763, 96, 1),
(1598, 197, 29, 4),
(1599, 807, 67, 4),
(1600, 439, 83, 4),
(1601, 767, 36, 5),
(1602, 848, 28, 5),
(1603, 491, 67, 2),
(1604, 955, 17, 4),
(1605, 841, 53, 5),
(1606, 260, 94, 3),
(1607, 128, 4, 1),
(1608, 218, 33, 1),
(1609, 879, 80, 5),
(1610, 565, 88, 1),
(1611, 858, 72, 2),
(1612, 276, 57, 5),
(1613, 422, 70, 1),
(1614, 707, 56, 4),
(1615, 545, 21, 4),
(1616, 583, 39, 4),
(1617, 870, 98, 1),
(1618, 632, 90, 2),
(1619, 522, 61, 2),
(1620, 791, 21, 3),
(1621, 478, 39, 5),
(1622, 536, 84, 1),
(1623, 878, 13, 4),
(1624, 269, 25, 3),
(1625, 794, 71, 4),
(1626, 795, 72, 3),
(1627, 179, 80, 2),
(1628, 929, 63, 2),
(1629, 829, 33, 1),
(1630, 306, 50, 4),
(1631, 219, 7, 1),
(1632, 129, 18, 1),
(1633, 280, 35, 1),
(1634, 790, 2, 5),
(1635, 626, 30, 2),
(1636, 68, 64, 4),
(1637, 47, 41, 4),
(1638, 827, 89, 1),
(1639, 501, 7, 2),
(1640, 913, 57, 1),
(1641, 170, 16, 1),
(1642, 423, 6, 1),
(1643, 208, 61, 4),
(1644, 133, 6, 3),
(1645, 279, 28, 3),
(1646, 468, 16, 2),
(1647, 637, 90, 1),
(1648, 699, 20, 1),
(1649, 36, 64, 2),
(1650, 108, 62, 5),
(1651, 716, 56, 1),
(1652, 26, 90, 3),
(1653, 929, 31, 4),
(1654, 589, 99, 4),
(1655, 109, 58, 2),
(1656, 318, 74, 2),
(1657, 997, 27, 5),
(1658, 424, 90, 4),
(1659, 930, 67, 3),
(1660, 148, 95, 3),
(1661, 453, 98, 3),
(1662, 195, 30, 5),
(1663, 861, 74, 3),
(1664, 502, 49, 5),
(1665, 767, 17, 5),
(1666, 76, 97, 4),
(1667, 106, 3, 2),
(1668, 925, 23, 4),
(1669, 215, 43, 2),
(1670, 507, 21, 1),
(1671, 634, 40, 5),
(1672, 216, 70, 3),
(1673, 488, 71, 5),
(1674, 831, 15, 5),
(1675, 917, 48, 2),
(1676, 61, 56, 2),
(1677, 317, 95, 2),
(1678, 271, 2, 1),
(1679, 153, 90, 5),
(1680, 28, 52, 4),
(1681, 632, 35, 3),
(1682, 698, 65, 5),
(1683, 534, 65, 3),
(1684, 740, 4, 1),
(1685, 800, 27, 2),
(1686, 794, 40, 3),
(1687, 114, 92, 5),
(1688, 95, 18, 3),
(1689, 12, 30, 2),
(1690, 861, 50, 1),
(1691, 710, 61, 2),
(1692, 636, 48, 5),
(1693, 561, 3, 1),
(1694, 981, 52, 5),
(1695, 80, 76, 4),
(1696, 290, 21, 1),
(1697, 992, 99, 1),
(1698, 877, 45, 4),
(1699, 720, 15, 5),
(1700, 243, 58, 3),
(1701, 381, 57, 2),
(1702, 408, 93, 3),
(1703, 82, 90, 2),
(1704, 787, 80, 4),
(1705, 996, 5, 3),
(1706, 353, 39, 1),
(1707, 629, 80, 4),
(1708, 657, 38, 2),
(1709, 921, 31, 1),
(1710, 536, 19, 5),
(1711, 708, 51, 2),
(1712, 990, 94, 5),
(1713, 437, 93, 5),
(1714, 766, 10, 2),
(1715, 798, 20, 2),
(1716, 979, 64, 4),
(1717, 102, 56, 1),
(1718, 692, 28, 2),
(1719, 782, 14, 2),
(1720, 308, 59, 1),
(1721, 882, 55, 5),
(1722, 780, 66, 4),
(1723, 310, 6, 1),
(1724, 755, 19, 1),
(1725, 946, 19, 2),
(1726, 145, 7, 1),
(1727, 302, 77, 3),
(1728, 704, 24, 3),
(1729, 162, 10, 5),
(1730, 370, 10, 5),
(1731, 451, 16, 2),
(1732, 82, 6, 4),
(1733, 867, 1, 5),
(1734, 334, 85, 2),
(1735, 672, 9, 5),
(1736, 220, 95, 3),
(1737, 474, 72, 2),
(1738, 915, 55, 5),
(1739, 641, 2, 3),
(1740, 593, 99, 4),
(1741, 144, 22, 4),
(1742, 665, 43, 2),
(1743, 174, 3, 4),
(1744, 844, 47, 2),
(1745, 68, 94, 5),
(1746, 348, 92, 2),
(1747, 296, 20, 5),
(1748, 427, 37, 2),
(1749, 447, 88, 3),
(1750, 492, 35, 2),
(1751, 247, 23, 5),
(1752, 928, 53, 4),
(1753, 201, 33, 5),
(1754, 923, 92, 5),
(1755, 950, 60, 3),
(1756, 499, 71, 2),
(1757, 922, 58, 5),
(1758, 570, 54, 2),
(1759, 809, 23, 4),
(1760, 882, 71, 1),
(1761, 411, 78, 2),
(1762, 412, 58, 2),
(1763, 218, 11, 5),
(1764, 750, 42, 4),
(1765, 888, 49, 4),
(1766, 7, 47, 5),
(1767, 817, 96, 4),
(1768, 511, 79, 3),
(1769, 380, 38, 3),
(1770, 143, 22, 5),
(1771, 216, 70, 2),
(1772, 924, 65, 2),
(1773, 960, 76, 4),
(1774, 987, 41, 2),
(1775, 762, 67, 4),
(1776, 514, 95, 4),
(1777, 834, 47, 4),
(1778, 457, 9, 2),
(1779, 992, 62, 3),
(1780, 317, 65, 5),
(1781, 859, 51, 4),
(1782, 943, 46, 4),
(1783, 247, 64, 5),
(1784, 505, 82, 3),
(1785, 719, 9, 5),
(1786, 434, 55, 4),
(1787, 62, 36, 2),
(1788, 359, 12, 4),
(1789, 40, 47, 4),
(1790, 50, 97, 1),
(1791, 805, 100, 1),
(1792, 969, 46, 2),
(1793, 921, 41, 1),
(1794, 599, 1, 1),
(1795, 722, 76, 3),
(1796, 181, 57, 4),
(1797, 596, 28, 4),
(1798, 597, 1, 2),
(1799, 569, 82, 2),
(1800, 401, 42, 3),
(1801, 933, 38, 3),
(1802, 790, 90, 5),
(1803, 22, 2, 4),
(1804, 127, 52, 3),
(1805, 30, 52, 3),
(1806, 924, 80, 4),
(1807, 979, 41, 4),
(1808, 185, 90, 5),
(1809, 811, 71, 2),
(1810, 87, 46, 4),
(1811, 776, 70, 5),
(1812, 360, 87, 3),
(1813, 754, 49, 5),
(1814, 817, 41, 2),
(1815, 517, 13, 1),
(1816, 823, 8, 2),
(1817, 501, 1, 5),
(1818, 961, 35, 1),
(1819, 396, 35, 5),
(1820, 106, 66, 5),
(1821, 962, 3, 2),
(1822, 519, 52, 5),
(1823, 451, 63, 3),
(1824, 849, 34, 2),
(1825, 101, 14, 1),
(1826, 186, 12, 1),
(1827, 933, 30, 3),
(1828, 146, 8, 3),
(1829, 18, 49, 3),
(1830, 281, 11, 4),
(1831, 629, 25, 2),
(1832, 905, 53, 3),
(1833, 384, 29, 1),
(1834, 322, 33, 5),
(1835, 232, 5, 4),
(1836, 126, 46, 5),
(1837, 502, 3, 1),
(1838, 206, 65, 5),
(1839, 164, 58, 4),
(1840, 120, 13, 3),
(1841, 951, 91, 3),
(1842, 966, 61, 1),
(1843, 42, 67, 5),
(1844, 963, 100, 5),
(1845, 789, 75, 3),
(1846, 820, 36, 1),
(1847, 625, 96, 3),
(1848, 501, 84, 5),
(1849, 515, 18, 3),
(1850, 179, 52, 3),
(1851, 377, 15, 3),
(1852, 408, 39, 2),
(1853, 662, 95, 2),
(1854, 105, 47, 5),
(1855, 115, 83, 5),
(1856, 799, 56, 5),
(1857, 838, 78, 4),
(1858, 591, 28, 5),
(1859, 231, 30, 5),
(1860, 104, 77, 3),
(1861, 470, 35, 1),
(1862, 322, 49, 1),
(1863, 894, 76, 3),
(1864, 690, 81, 4),
(1865, 434, 31, 5),
(1866, 842, 52, 5),
(1867, 678, 23, 5),
(1868, 929, 91, 5),
(1869, 527, 95, 2),
(1870, 732, 60, 1),
(1871, 435, 2, 2),
(1872, 288, 99, 5),
(1873, 891, 60, 1),
(1874, 432, 98, 5),
(1875, 252, 80, 5),
(1876, 305, 36, 2),
(1877, 480, 86, 1),
(1878, 554, 6, 1),
(1879, 481, 50, 4),
(1880, 500, 79, 4),
(1881, 495, 35, 2),
(1882, 592, 62, 2),
(1883, 35, 80, 2),
(1884, 634, 39, 4),
(1885, 74, 3, 1),
(1886, 936, 92, 1),
(1887, 46, 77, 4),
(1888, 756, 35, 1),
(1889, 854, 20, 4),
(1890, 191, 99, 4),
(1891, 460, 18, 1),
(1892, 337, 67, 3),
(1893, 813, 95, 5),
(1894, 324, 72, 2),
(1895, 446, 69, 4),
(1896, 141, 72, 5),
(1897, 546, 51, 5),
(1898, 511, 91, 3),
(1899, 122, 18, 4),
(1900, 292, 8, 3),
(1901, 366, 83, 5),
(1902, 861, 12, 3),
(1903, 534, 7, 1),
(1904, 511, 58, 5),
(1905, 238, 97, 4),
(1906, 595, 60, 5),
(1907, 639, 76, 4),
(1908, 950, 10, 1),
(1909, 888, 61, 4),
(1910, 668, 95, 2),
(1911, 958, 64, 3),
(1912, 491, 98, 2),
(1913, 287, 10, 1),
(1914, 75, 86, 3),
(1915, 387, 35, 1),
(1916, 834, 57, 3),
(1917, 68, 13, 4),
(1918, 867, 39, 2),
(1919, 161, 6, 1),
(1920, 416, 50, 2),
(1921, 320, 90, 1),
(1922, 877, 49, 1),
(1923, 329, 94, 1),
(1924, 679, 25, 5),
(1925, 889, 80, 1),
(1926, 529, 13, 4),
(1927, 564, 83, 2),
(1928, 524, 47, 1),
(1929, 931, 29, 2),
(1930, 20, 38, 3),
(1931, 255, 66, 1),
(1932, 443, 17, 4),
(1933, 500, 44, 1),
(1934, 565, 23, 2),
(1935, 193, 34, 5),
(1936, 70, 97, 3),
(1937, 519, 78, 2),
(1938, 103, 83, 2),
(1939, 277, 91, 4),
(1940, 536, 48, 2),
(1941, 954, 78, 2),
(1942, 622, 19, 5),
(1943, 226, 13, 2),
(1944, 379, 41, 2),
(1945, 677, 96, 4),
(1946, 548, 7, 1),
(1947, 284, 86, 4),
(1948, 728, 44, 2),
(1949, 560, 20, 3),
(1950, 854, 88, 1),
(1951, 996, 21, 5),
(1952, 325, 55, 5),
(1953, 598, 76, 4),
(1954, 928, 29, 5),
(1955, 419, 24, 3),
(1956, 80, 93, 5),
(1957, 134, 46, 3),
(1958, 489, 74, 5),
(1959, 556, 10, 5),
(1960, 511, 69, 2),
(1961, 258, 15, 3),
(1962, 169, 68, 5),
(1963, 480, 20, 1),
(1964, 218, 59, 4),
(1965, 656, 11, 2),
(1966, 618, 64, 4),
(1967, 610, 24, 4),
(1968, 28, 86, 1),
(1969, 120, 84, 3),
(1970, 993, 13, 5),
(1971, 807, 72, 5),
(1972, 210, 58, 1),
(1973, 824, 9, 4),
(1974, 853, 64, 5),
(1975, 93, 45, 2),
(1976, 737, 41, 3),
(1977, 465, 35, 5),
(1978, 699, 7, 4),
(1979, 222, 48, 4),
(1980, 667, 91, 3),
(1981, 902, 46, 2),
(1982, 891, 20, 4),
(1983, 457, 85, 2),
(1984, 916, 29, 5),
(1985, 596, 23, 5),
(1986, 185, 30, 3),
(1987, 730, 58, 5),
(1988, 45, 38, 2),
(1989, 424, 54, 3),
(1990, 332, 80, 2),
(1991, 195, 39, 1),
(1992, 966, 38, 4),
(1993, 767, 89, 3),
(1994, 142, 15, 3),
(1995, 417, 58, 5),
(1996, 829, 2, 3),
(1997, 603, 68, 5),
(1998, 206, 74, 2),
(1999, 661, 39, 1),
(2000, 649, 57, 2);

select *
from customers;

select *
from regions;

select * 
from orderdetails;

select * 
from orders;

select * 
from products;